ISO-10303-21;
HEADER;
FILE_DESCRIPTION (( 'STEP AP203' ),
    '1' );
FILE_NAME ('电子座牌.STEP',
    '2026-06-04T06:51:54',
    ( '' ),
    ( '' ),
    'SwSTEP 2.0',
    'SolidWorks 2022',
    '' );
FILE_SCHEMA (( 'CONFIG_CONTROL_DESIGN' ));
ENDSEC;

DATA;
#1 = ADVANCED_FACE ( 'NONE', ( #47 ), #1169, .T. ) ;
#2 = VERTEX_POINT ( 'NONE', #1461 ) ;
#3 = EDGE_LOOP ( 'NONE', ( #1926, #1879, #1855, #1348, #770, #1734, #981, #979, #1115, #704 ) ) ;
#4 = EDGE_CURVE ( 'NONE', #2005, #1536, #333, .T. ) ;
#5 = CARTESIAN_POINT ( 'NONE',  ( 86.70000000000001705, 57.99999999999998579, 0.000000000000000000 ) ) ;
#6 = PLANE ( 'NONE',  #1037 ) ;
#7 = DIRECTION ( 'NONE',  ( -1.000000000000000000, 0.000000000000000000, 0.000000000000000000 ) ) ;
#8 = AXIS2_PLACEMENT_3D ( 'NONE', #1358, #71, #2003 ) ;
#9 = EDGE_CURVE ( 'NONE', #1445, #1746, #369, .T. ) ;
#10 = AXIS2_PLACEMENT_3D ( 'NONE', #1174, #777, #1086 ) ;
#11 = ORIENTED_EDGE ( 'NONE', *, *, #558, .T. ) ;
#12 = AXIS2_PLACEMENT_3D ( 'NONE', #91, #1376, #1875 ) ;
#13 = ADVANCED_FACE ( 'NONE', ( #1349 ), #1818, .F. ) ;
#14 = CARTESIAN_POINT ( 'NONE',  ( 12.49999999999998934, -51.00000000000000711, 1.600000000000000089 ) ) ;
#15 = CARTESIAN_POINT ( 'NONE',  ( -12.50000000000001243, -56.00000000000000000, 2.100000000000000089 ) ) ;
#16 = DIRECTION ( 'NONE',  ( -1.000000000000000000, 1.239088197126290817E-16, 0.000000000000000000 ) ) ;
#17 = CIRCLE ( 'NONE', #1658, 2.250000000000000444 ) ;
#18 = CARTESIAN_POINT ( 'NONE',  ( 16.24999999999999645, -46.99999999999999289, 12.00000000000000000 ) ) ;
#19 = VERTEX_POINT ( 'NONE', #54 ) ;
#20 = AXIS2_PLACEMENT_3D ( 'NONE', #1530, #1748, #309 ) ;
#21 = VECTOR ( 'NONE', #810, 1000.000000000000000 ) ;
#22 = VERTEX_POINT ( 'NONE', #1831 ) ;
#23 = LINE ( 'NONE', #787, #354 ) ;
#24 = CARTESIAN_POINT ( 'NONE',  ( -16.25000000000000355, -47.00000000000000000, 3.763932022500212859 ) ) ;
#25 = DIRECTION ( 'NONE',  ( 0.000000000000000000, 0.000000000000000000, -1.000000000000000000 ) ) ;
#26 = DIRECTION ( 'NONE',  ( 1.182766006347823109E-16, -1.000000000000000000, 0.000000000000000000 ) ) ;
#27 = ORIENTED_EDGE ( 'NONE', *, *, #1844, .T. ) ;
#28 = VERTEX_POINT ( 'NONE', #391 ) ;
#29 = DIRECTION ( 'NONE',  ( 0.000000000000000000, 0.000000000000000000, -1.000000000000000000 ) ) ;
#30 = PLANE ( 'NONE',  #634 ) ;
#31 = ADVANCED_FACE ( 'NONE', ( #1960 ), #1996, .F. ) ;
#32 = LINE ( 'NONE', #1933, #454 ) ;
#33 = FACE_OUTER_BOUND ( 'NONE', #439, .T. ) ;
#34 = AXIS2_PLACEMENT_3D ( 'NONE', #520, #799, #996 ) ;
#35 = LINE ( 'NONE', #225, #1290 ) ;
#36 = AXIS2_PLACEMENT_3D ( 'NONE', #1826, #1201, #1528 ) ;
#37 = VECTOR ( 'NONE', #1902, 1000.000000000000000 ) ;
#38 = VERTEX_POINT ( 'NONE', #547 ) ;
#39 = CYLINDRICAL_SURFACE ( 'NONE', #1659, 2.750000000000002665 ) ;
#40 = ORIENTED_EDGE ( 'NONE', *, *, #1159, .F. ) ;
#41 = EDGE_CURVE ( 'NONE', #536, #413, #1644, .T. ) ;
#42 = LINE ( 'NONE', #671, #1338 ) ;
#43 = CARTESIAN_POINT ( 'NONE',  ( 85.50000000000001421, -56.00000000000000000, 10.40000000000000036 ) ) ;
#44 = COORDINATED_UNIVERSAL_TIME_OFFSET ( 8, 0, .AHEAD. ) ;
#45 = CARTESIAN_POINT ( 'NONE',  ( 12.50000000000000888, -55.99999999999999289, 10.40000000000000036 ) ) ;
#46 = EDGE_CURVE ( 'NONE', #1794, #924, #821, .T. ) ;
#47 = FACE_OUTER_BOUND ( 'NONE', #1705, .T. ) ;
#48 = FACE_OUTER_BOUND ( 'NONE', #1621, .T. ) ;
#49 = CIRCLE ( 'NONE', #1699, 2.750000000000002665 ) ;
#50 = ORIENTED_EDGE ( 'NONE', *, *, #653, .T. ) ;
#51 = VECTOR ( 'NONE', #2026, 1000.000000000000000 ) ;
#52 = AXIS2_PLACEMENT_3D ( 'NONE', #56, #510, #1127 ) ;
#53 = DIRECTION ( 'NONE',  ( 1.182766006347823109E-16, -1.000000000000000000, 0.000000000000000000 ) ) ;
#54 = CARTESIAN_POINT ( 'NONE',  ( -16.25000000000000355, -53.00000000000002132, 10.40000000000000036 ) ) ;
#55 = CARTESIAN_POINT ( 'NONE',  ( -15.99999999999997868, -47.00000000000000000, 3.750000000000000000 ) ) ;
#56 = CARTESIAN_POINT ( 'NONE',  ( -15.99999999999997868, -60.00000000000000000, 6.000000000000000000 ) ) ;
#57 = CARTESIAN_POINT ( 'NONE',  ( 85.50000000000001421, 56.00000000000000000, 10.40000000000000036 ) ) ;
#58 = EDGE_LOOP ( 'NONE', ( #203, #1104, #513, #1665 ) ) ;
#59 = COORDINATED_UNIVERSAL_TIME_OFFSET ( 8, 0, .AHEAD. ) ;
#60 = LINE ( 'NONE', #1124, #343 ) ;
#61 = EDGE_LOOP ( 'NONE', ( #629, #811 ) ) ;
#62 = ORIENTED_EDGE ( 'NONE', *, *, #1587, .F. ) ;
#63 = EDGE_CURVE ( 'NONE', #1857, #1276, #1185, .T. ) ;
#64 = DIRECTION ( 'NONE',  ( -1.000000000000000000, -3.469446951953616161E-16, 0.000000000000000000 ) ) ;
#65 = ORIENTED_EDGE ( 'NONE', *, *, #1266, .F. ) ;
#66 = EDGE_CURVE ( 'NONE', #299, #2060, #659, .T. ) ;
#67 = CARTESIAN_POINT ( 'NONE',  ( 39.83012569102495348, 2.999999999999981792, 1.600000000000000089 ) ) ;
#68 = CARTESIAN_POINT ( 'NONE',  ( -86.70000000000003126, 58.00000000000001421, 12.00000000000000000 ) ) ;
#69 = FACE_OUTER_BOUND ( 'NONE', #1979, .T. ) ;
#70 = CALENDAR_DATE ( 2026, 4, 6 ) ;
#71 = DIRECTION ( 'NONE',  ( 1.000000000000000000, -2.392722035830079465E-16, 0.000000000000000000 ) ) ;
#72 = ADVANCED_FACE ( 'NONE', ( #1679 ), #1141, .F. ) ;
#73 = DIRECTION ( 'NONE',  ( 0.000000000000000000, 0.000000000000000000, 1.000000000000000000 ) ) ;
#74 = ORIENTED_EDGE ( 'NONE', *, *, #1802, .F. ) ;
#75 = EDGE_LOOP ( 'NONE', ( #248, #1137, #1842, #762 ) ) ;
#76 = VECTOR ( 'NONE', #959, 1000.000000000000000 ) ;
#77 = AXIS2_PLACEMENT_3D ( 'NONE', #2075, #1598, #470 ) ;
#78 = ORIENTED_EDGE ( 'NONE', *, *, #1650, .F. ) ;
#79 = LINE ( 'NONE', #1361, #869 ) ;
#80 = CARTESIAN_POINT ( 'NONE',  ( -85.49999999999998579, -56.00000000000000000, 10.40000000000000036 ) ) ;
#81 = CARTESIAN_POINT ( 'NONE',  ( 88.00000000000004263, -59.99999999999998579, 0.000000000000000000 ) ) ;
#82 = DIRECTION ( 'NONE',  ( -1.156482317317871478E-16, -1.000000000000000000, 0.000000000000000000 ) ) ;
#83 = DIRECTION ( 'NONE',  ( 1.000000000000000000, 0.000000000000000000, 0.000000000000000000 ) ) ;
#84 = VERTEX_POINT ( 'NONE', #361 ) ;
#85 = VERTEX_POINT ( 'NONE', #1474 ) ;
#86 = ORIENTED_EDGE ( 'NONE', *, *, #1776, .T. ) ;
#87 = VECTOR ( 'NONE', #1697, 1000.000000000000000 ) ;
#88 = DIRECTION ( 'NONE',  ( 0.000000000000000000, 0.000000000000000000, -1.000000000000000000 ) ) ;
#89 = CARTESIAN_POINT ( 'NONE',  ( -86.70000000000003126, 58.00000000000001421, 12.00000000000000000 ) ) ;
#90 = ADVANCED_FACE ( 'NONE', ( #985 ), #39, .F. ) ;
#91 = CARTESIAN_POINT ( 'NONE',  ( 72.00000000000001421, -59.99999999999999289, 5.999999999999998224 ) ) ;
#92 = FACE_OUTER_BOUND ( 'NONE', #620, .T. ) ;
#93 = FACE_OUTER_BOUND ( 'NONE', #1018, .T. ) ;
#94 = ORIENTED_EDGE ( 'NONE', *, *, #41, .F. ) ;
#95 = EDGE_LOOP ( 'NONE', ( #682, #1288, #1750, #1856 ) ) ;
#96 = ADVANCED_FACE ( 'NONE', ( #1084 ), #1717, .F. ) ;
#97 = FACE_OUTER_BOUND ( 'NONE', #666, .T. ) ;
#98 = DIRECTION ( 'NONE',  ( 0.000000000000000000, -1.000000000000000000, 0.000000000000000000 ) ) ;
#99 = EDGE_CURVE ( 'NONE', #2005, #1649, #739, .T. ) ;
#100 = ORIENTED_EDGE ( 'NONE', *, *, #2024, .F. ) ;
#101 = CARTESIAN_POINT ( 'NONE',  ( -71.99999999999998579, -54.50000000000000711, 5.999999999999998224 ) ) ;
#102 = CARTESIAN_POINT ( 'NONE',  ( 88.00000000000004263, -59.99999999999998579, 0.000000000000000000 ) ) ;
#103 = EDGE_LOOP ( 'NONE', ( #142, #1508, #1100, #822 ) ) ;
#104 = EDGE_LOOP ( 'NONE', ( #589, #221, #356, #1414 ) ) ;
#105 = CARTESIAN_POINT ( 'NONE',  ( -85.49999999999998579, 55.99999999999999289, 1.600000000000000089 ) ) ;
#106 = VECTOR ( 'NONE', #897, 1000.000000000000000 ) ;
#107 = CARTESIAN_POINT ( 'NONE',  ( -12.49999999999999289, -55.99999999999999289, 10.40000000000000036 ) ) ;
#108 = CARTESIAN_POINT ( 'NONE',  ( -85.49999999999998579, 56.00000000000000000, 10.40000000000000036 ) ) ;
#109 = CARTESIAN_POINT ( 'NONE',  ( -86.70000000000001705, -57.99999999999998579, 11.50000000000000000 ) ) ;
#110 = EDGE_CURVE ( 'NONE', #1746, #892, #1210, .T. ) ;
#111 = ORIENTED_EDGE ( 'NONE', *, *, #1712, .T. ) ;
#112 = CARTESIAN_POINT ( 'NONE',  ( -86.69999999999998863, 57.99999999999998579, 0.5000000000000000000 ) ) ;
#113 = FACE_BOUND ( 'NONE', #1763, .T. ) ;
#114 = FACE_OUTER_BOUND ( 'NONE', #1573, .T. ) ;
#115 = EDGE_CURVE ( 'NONE', #1475, #1072, #2051, .T. ) ;
#116 = ORIENTED_EDGE ( 'NONE', *, *, #1779, .F. ) ;
#117 = EDGE_LOOP ( 'NONE', ( #1079, #2027, #275, #1640 ) ) ;
#118 = LINE ( 'NONE', #1718, #1592 ) ;
#119 = DIRECTION ( 'NONE',  ( 0.000000000000000000, 0.000000000000000000, -1.000000000000000000 ) ) ;
#120 = DIRECTION ( 'NONE',  ( 1.182766006347823109E-16, -1.000000000000000000, 0.000000000000000000 ) ) ;
#121 = ORIENTED_EDGE ( 'NONE', *, *, #207, .T. ) ;
#122 = VECTOR ( 'NONE', #1639, 1000.000000000000000 ) ;
#123 = AXIS2_PLACEMENT_3D ( 'NONE', #1648, #686, #1781 ) ;
#124 = ORIENTED_EDGE ( 'NONE', *, *, #929, .F. ) ;
#125 = ORIENTED_EDGE ( 'NONE', *, *, #371, .F. ) ;
#126 = LINE ( 'NONE', #1408, #157 ) ;
#127 = DIRECTION ( 'NONE',  ( 1.000000000000000000, 0.000000000000000000, 0.000000000000000000 ) ) ;
#128 = DIRECTION ( 'NONE',  ( 0.000000000000000000, 0.000000000000000000, 1.000000000000000000 ) ) ;
#129 = PLANE ( 'NONE',  #1448 ) ;
#130 = ORIENTED_EDGE ( 'NONE', *, *, #1090, .F. ) ;
#131 = EDGE_CURVE ( 'NONE', #519, #200, #1557, .T. ) ;
#132 = ADVANCED_FACE ( 'NONE', ( #2007 ), #1889, .F. ) ;
#133 = ORIENTED_EDGE ( 'NONE', *, *, #1266, .T. ) ;
#134 = ORIENTED_EDGE ( 'NONE', *, *, #329, .F. ) ;
#135 = EDGE_CURVE ( 'NONE', #479, #1411, #1248, .T. ) ;
#136 = ORIENTED_EDGE ( 'NONE', *, *, #2012, .T. ) ;
#137 = DIRECTION ( 'NONE',  ( 0.000000000000000000, 0.000000000000000000, -1.000000000000000000 ) ) ;
#138 = DIRECTION ( 'NONE',  ( 1.000000000000000000, -0.000000000000000000, -0.000000000000000000 ) ) ;
#139 = DIRECTION ( 'NONE',  ( 0.000000000000000000, 0.000000000000000000, 1.000000000000000000 ) ) ;
#140 = CC_DESIGN_APPROVAL ( #1398, ( #1726 ) ) ;
#141 =( LENGTH_UNIT ( ) NAMED_UNIT ( * ) SI_UNIT ( .MILLI., .METRE. ) );
#142 = ORIENTED_EDGE ( 'NONE', *, *, #407, .T. ) ;
#143 = VECTOR ( 'NONE', #1008, 1000.000000000000000 ) ;
#144 = VECTOR ( 'NONE', #481, 1000.000000000000000 ) ;
#145 = CC_DESIGN_APPROVAL ( #1931, ( #1820 ) ) ;
#146 = EDGE_LOOP ( 'NONE', ( #865, #1463, #1917, #1209 ) ) ;
#147 = ORIENTED_EDGE ( 'NONE', *, *, #1254, .T. ) ;
#148 = CARTESIAN_POINT ( 'NONE',  ( 85.50000000000001421, -56.00000000000000711, 1.600000000000000089 ) ) ;
#149 = CARTESIAN_POINT ( 'NONE',  ( 16.24999999999999645, -53.00000000000002132, 3.750000000000000000 ) ) ;
#150 = CARTESIAN_POINT ( 'NONE',  ( -85.49999999999998579, -56.00000000000000000, 10.40000000000000036 ) ) ;
#151 = CARTESIAN_POINT ( 'NONE',  ( 12.49999999999998934, -56.00000000000000000, 2.100000000000000089 ) ) ;
#152 = ADVANCED_FACE ( 'NONE', ( #1055 ), #1043, .F. ) ;
#153 = ORIENTED_EDGE ( 'NONE', *, *, #63, .T. ) ;
#154 = DIRECTION ( 'NONE',  ( 1.182766006347823109E-16, -1.000000000000000000, 0.000000000000000000 ) ) ;
#155 = VECTOR ( 'NONE', #635, 1000.000000000000000 ) ;
#156 = ADVANCED_FACE ( 'NONE', ( #1881 ), #1066, .T. ) ;
#157 = VECTOR ( 'NONE', #795, 1000.000000000000000 ) ;
#158 = VECTOR ( 'NONE', #1362, 1000.000000000000000 ) ;
#159 = ORIENTED_EDGE ( 'NONE', *, *, #1682, .F. ) ;
#160 = ORIENTED_EDGE ( 'NONE', *, *, #1269, .F. ) ;
#161 = EDGE_LOOP ( 'NONE', ( #684, #691, #1326, #932 ) ) ;
#162 = CARTESIAN_POINT ( 'NONE',  ( -69.24999999999997158, -60.00000000000000711, 5.999999999999998224 ) ) ;
#163 = CARTESIAN_POINT ( 'NONE',  ( 69.25000000000000000, -54.49999999999999289, 5.999999999999998224 ) ) ;
#164 = DIRECTION ( 'NONE',  ( 0.000000000000000000, 0.000000000000000000, 1.000000000000000000 ) ) ;
#165 = EDGE_CURVE ( 'NONE', #1492, #792, #600, .T. ) ;
#166 = CARTESIAN_POINT ( 'NONE',  ( 0.000000000000000000, 0.000000000000000000, 0.000000000000000000 ) ) ;
#167 = CARTESIAN_POINT ( 'NONE',  ( 16.00000000000002132, -53.00000000000002132, 8.250000000000000000 ) ) ;
#168 = EDGE_CURVE ( 'NONE', #1909, #1436, #23, .T. ) ;
#169 = ORIENTED_EDGE ( 'NONE', *, *, #1447, .T. ) ;
#170 = DIRECTION ( 'NONE',  ( 1.239088197126290817E-16, 1.000000000000000000, 0.000000000000000000 ) ) ;
#171 = DIRECTION ( 'NONE',  ( -1.182766006347823109E-16, 1.000000000000000000, 0.000000000000000000 ) ) ;
#172 = CARTESIAN_POINT ( 'NONE',  ( -85.49999999999998579, -56.00000000000000000, 10.40000000000000036 ) ) ;
#173 = CARTESIAN_POINT ( 'NONE',  ( 85.50000000000001421, -56.00000000000000711, 0.5000000000000000000 ) ) ;
#174 = AXIS2_PLACEMENT_3D ( 'NONE', #15, #340, #351 ) ;
#175 = VECTOR ( 'NONE', #938, 1000.000000000000000 ) ;
#176 = DIRECTION ( 'NONE',  ( 1.182766006347823109E-16, -1.000000000000000000, 0.000000000000000000 ) ) ;
#177 = ORIENTED_EDGE ( 'NONE', *, *, #1432, .T. ) ;
#178 = LINE ( 'NONE', #1788, #1081 ) ;
#179 = LINE ( 'NONE', #788, #767 ) ;
#180 = DIRECTION ( 'NONE',  ( 0.000000000000000000, -0.000000000000000000, 1.000000000000000000 ) ) ;
#181 = PLANE ( 'NONE',  #1014 ) ;
#182 = VECTOR ( 'NONE', #83, 1000.000000000000000 ) ;
#183 = LINE ( 'NONE', #1793, #21 ) ;
#184 = DIRECTION ( 'NONE',  ( 1.000000000000000000, 1.182766006347823109E-16, 0.000000000000000000 ) ) ;
#185 = AXIS2_PLACEMENT_3D ( 'NONE', #886, #539, #394 ) ;
#186 = ORIENTED_EDGE ( 'NONE', *, *, #820, .F. ) ;
#187 = DIRECTION ( 'NONE',  ( 1.156482317317871478E-16, -1.000000000000000000, 0.000000000000000000 ) ) ;
#188 = CARTESIAN_POINT ( 'NONE',  ( -86.70000000000003126, 58.00000000000001421, 11.50000000000000000 ) ) ;
#189 = LINE ( 'NONE', #816, #915 ) ;
#190 = CARTESIAN_POINT ( 'NONE',  ( -86.70000000000001705, -57.99999999999998579, 11.50000000000000000 ) ) ;
#191 = CARTESIAN_POINT ( 'NONE',  ( -86.70000000000001705, -57.99999999999998579, 11.50000000000000000 ) ) ;
#192 = EDGE_LOOP ( 'NONE', ( #817, #1976, #455, #383 ) ) ;
#193 = CYLINDRICAL_SURFACE ( 'NONE', #613, 2.750000000000002665 ) ;
#194 = ADVANCED_FACE ( 'NONE', ( #1929 ), #631, .F. ) ;
#195 = ORIENTED_EDGE ( 'NONE', *, *, #1707, .F. ) ;
#196 = FACE_OUTER_BOUND ( 'NONE', #596, .T. ) ;
#197 = DIRECTION ( 'NONE',  ( 1.000000000000000000, 1.182766006347823109E-16, 0.000000000000000000 ) ) ;
#198 = DATE_TIME_ROLE ( 'classification_date' ) ;
#199 = PLANE ( 'NONE',  #2055 ) ;
#200 = VERTEX_POINT ( 'NONE', #348 ) ;
#201 = AXIS2_PLACEMENT_3D ( 'NONE', #1187, #720, #1057 ) ;
#202 = VECTOR ( 'NONE', #1893, 1000.000000000000000 ) ;
#203 = ORIENTED_EDGE ( 'NONE', *, *, #1814, .F. ) ;
#204 = CARTESIAN_POINT ( 'NONE',  ( -38.00000000000000000, -54.50000000000000711, 5.999999999999998224 ) ) ;
#205 = ORIENTED_EDGE ( 'NONE', *, *, #836, .F. ) ;
#206 = DIRECTION ( 'NONE',  ( 1.182766006347823109E-16, -1.000000000000000000, 0.000000000000000000 ) ) ;
#207 = EDGE_CURVE ( 'NONE', #792, #924, #330, .T. ) ;
#208 = EDGE_LOOP ( 'NONE', ( #1113, #1470, #1832, #1566 ) ) ;
#209 = UNCERTAINTY_MEASURE_WITH_UNIT (LENGTH_MEASURE( 1.000000000000000082E-05 ), #141, 'distance_accuracy_value', 'NONE');
#210 = DATE_AND_TIME ( #374, #414 ) ;
#211 = DIRECTION ( 'NONE',  ( -0.000000000000000000, -0.000000000000000000, -1.000000000000000000 ) ) ;
#212 = EDGE_CURVE ( 'NONE', #28, #728, #1106, .T. ) ;
#213 = VERTEX_POINT ( 'NONE', #1298 ) ;
#214 = DIRECTION ( 'NONE',  ( 0.000000000000000000, 1.000000000000000000, -0.000000000000000000 ) ) ;
#215 = VERTEX_POINT ( 'NONE', #162 ) ;
#216 = VECTOR ( 'NONE', #1150, 1000.000000000000000 ) ;
#217 = VECTOR ( 'NONE', #242, 1000.000000000000000 ) ;
#218 = DIRECTION ( 'NONE',  ( 1.000000000000000000, 0.000000000000000000, 0.000000000000000000 ) ) ;
#219 = LINE ( 'NONE', #68, #1357 ) ;
#220 = DIRECTION ( 'NONE',  ( -0.000000000000000000, -0.000000000000000000, 1.000000000000000000 ) ) ;
#221 = ORIENTED_EDGE ( 'NONE', *, *, #1364, .T. ) ;
#222 = PERSON_AND_ORGANIZATION_ROLE ( 'design_owner' ) ;
#223 = CARTESIAN_POINT ( 'NONE',  ( 85.50000000000001421, 56.00000000000000000, 10.40000000000000036 ) ) ;
#224 = EDGE_CURVE ( 'NONE', #519, #1093, #178, .T. ) ;
#225 = CARTESIAN_POINT ( 'NONE',  ( 12.50000000000001066, -53.00000000000002132, 12.00000000000000000 ) ) ;
#226 = ORIENTED_EDGE ( 'NONE', *, *, #1906, .T. ) ;
#227 = CARTESIAN_POINT ( 'NONE',  ( 39.83012569102495348, 2.999999999999981792, 12.00000000000000000 ) ) ;
#228 = ORIENTED_EDGE ( 'NONE', *, *, #716, .T. ) ;
#229 = PLANE ( 'NONE',  #1797 ) ;
#230 = CARTESIAN_POINT ( 'NONE',  ( -12.49999999999999289, -55.99999999999999289, 9.899999999999998579 ) ) ;
#231 = APPROVAL_DATE_TIME ( #1675, #1398 ) ;
#232 = CARTESIAN_POINT ( 'NONE',  ( 85.50000000000002842, 55.99999999999999289, 0.5000000000000000000 ) ) ;
#233 = VERTEX_POINT ( 'NONE', #5 ) ;
#234 = ORIENTED_EDGE ( 'NONE', *, *, #290, .T. ) ;
#235 = VECTOR ( 'NONE', #899, 1000.000000000000000 ) ;
#236 = AXIS2_PLACEMENT_3D ( 'NONE', #1975, #1136, #1607 ) ;
#237 = AXIS2_PLACEMENT_3D ( 'NONE', #1790, #53, #1131 ) ;
#238 = ADVANCED_FACE ( 'NONE', ( #1281 ), #973, .F. ) ;
#239 = CARTESIAN_POINT ( 'NONE',  ( -12.49999999999999289, -51.00000000000000000, 9.899999999999998579 ) ) ;
#240 = ORIENTED_EDGE ( 'NONE', *, *, #1928, .F. ) ;
#241 = APPROVAL_PERSON_ORGANIZATION ( #1526, #1398, #1009 ) ;
#242 = DIRECTION ( 'NONE',  ( -1.239088197126290817E-16, 1.000000000000000000, 0.000000000000000000 ) ) ;
#243 = DIRECTION ( 'NONE',  ( -1.196361017915039732E-16, -1.000000000000000000, 0.000000000000000000 ) ) ;
#244 = EDGE_LOOP ( 'NONE', ( #1668, #534, #668, #1166, #1186, #544, #2022, #153, #422, #177 ) ) ;
#245 = CARTESIAN_POINT ( 'NONE',  ( 16.00000000000002132, -47.00000000000000000, 6.000000000000000000 ) ) ;
#246 = CARTESIAN_POINT ( 'NONE',  ( 86.69999999999998863, -58.00000000000001421, 0.5000000000000000000 ) ) ;
#247 = EDGE_LOOP ( 'NONE', ( #753, #1872, #134, #1438 ) ) ;
#248 = ORIENTED_EDGE ( 'NONE', *, *, #1964, .T. ) ;
#249 = ADVANCED_FACE ( 'NONE', ( #1943 ), #496, .F. ) ;
#250 = ORIENTED_EDGE ( 'NONE', *, *, #1707, .T. ) ;
#251 = CIRCLE ( 'NONE', #185, 2.750000000000002665 ) ;
#252 = DIRECTION ( 'NONE',  ( 0.000000000000000000, 0.000000000000000000, -1.000000000000000000 ) ) ;
#253 = CARTESIAN_POINT ( 'NONE',  ( -12.50000000000001066, -53.00000000000002132, 12.00000000000000000 ) ) ;
#254 = LINE ( 'NONE', #1216, #293 ) ;
#255 = CYLINDRICAL_SURFACE ( 'NONE', #281, 2.750000000000002665 ) ;
#256 = EDGE_LOOP ( 'NONE', ( #2016, #1060 ) ) ;
#257 = ORIENTED_EDGE ( 'NONE', *, *, #465, .F. ) ;
#258 = EDGE_CURVE ( 'NONE', #1497, #1531, #657, .T. ) ;
#259 = DIRECTION ( 'NONE',  ( 1.000000000000000000, -1.239088197126290817E-16, 0.000000000000000000 ) ) ;
#260 = CARTESIAN_POINT ( 'NONE',  ( 35.25000000000000000, -59.99999999999999289, 5.999999999999998224 ) ) ;
#261 = DIRECTION ( 'NONE',  ( 0.000000000000000000, -1.000000000000000000, 0.000000000000000000 ) ) ;
#262 = ORIENTED_EDGE ( 'NONE', *, *, #1305, .T. ) ;
#263 = ADVANCED_FACE ( 'NONE', ( #1631 ), #193, .F. ) ;
#264 = LINE ( 'NONE', #232, #235 ) ;
#265 = CARTESIAN_POINT ( 'NONE',  ( 16.24999999999999645, -53.00000000000002132, 3.763932022500207975 ) ) ;
#266 = CARTESIAN_POINT ( 'NONE',  ( -83.99999999999995737, 59.99999999999998579, 0.000000000000000000 ) ) ;
#267 = ORIENTED_EDGE ( 'NONE', *, *, #1432, .F. ) ;
#268 = ORIENTED_EDGE ( 'NONE', *, *, #645, .F. ) ;
#269 = VECTOR ( 'NONE', #1393, 1000.000000000000000 ) ;
#270 = CARTESIAN_POINT ( 'NONE',  ( 0.000000000000000000, 0.000000000000000000, 2.100000000000000089 ) ) ;
#271 = AXIS2_PLACEMENT_3D ( 'NONE', #1006, #694, #218 ) ;
#272 = CARTESIAN_POINT ( 'NONE',  ( -26.24999999999999645, -7.000000000000018652, 12.00000000000000000 ) ) ;
#273 = ORIENTED_EDGE ( 'NONE', *, *, #870, .F. ) ;
#274 = EDGE_CURVE ( 'NONE', #803, #1575, #1148, .T. ) ;
#275 = ORIENTED_EDGE ( 'NONE', *, *, #287, .F. ) ;
#276 = ORIENTED_EDGE ( 'NONE', *, *, #823, .F. ) ;
#277 = EDGE_CURVE ( 'NONE', #1427, #1492, #1804, .T. ) ;
#278 = CARTESIAN_POINT ( 'NONE',  ( 86.69999999999997442, 58.00000000000001421, 11.50000000000000000 ) ) ;
#279 = DIRECTION ( 'NONE',  ( -0.000000000000000000, 0.000000000000000000, -1.000000000000000000 ) ) ;
#280 = CIRCLE ( 'NONE', #806, 2.250000000000000444 ) ;
#281 = AXIS2_PLACEMENT_3D ( 'NONE', #1864, #154, #942 ) ;
#282 = FACE_OUTER_BOUND ( 'NONE', #1669, .T. ) ;
#283 = CARTESIAN_POINT ( 'NONE',  ( 16.00000000000002132, -60.00000000000000000, 8.250000000000000000 ) ) ;
#284 = ORIENTED_EDGE ( 'NONE', *, *, #1407, .F. ) ;
#285 = AXIS2_PLACEMENT_3D ( 'NONE', #1599, #789, #1038 ) ;
#286 = VECTOR ( 'NONE', #1301, 1000.000000000000000 ) ;
#287 = EDGE_CURVE ( 'NONE', #904, #479, #990, .T. ) ;
#288 = DIRECTION ( 'NONE',  ( -1.000000000000000000, 0.000000000000000000, 0.000000000000000000 ) ) ;
#289 = FACE_OUTER_BOUND ( 'NONE', #1540, .T. ) ;
#290 = EDGE_CURVE ( 'NONE', #537, #85, #1827, .T. ) ;
#291 = ORIENTED_EDGE ( 'NONE', *, *, #2012, .F. ) ;
#292 = ORIENTED_EDGE ( 'NONE', *, *, #358, .T. ) ;
#293 = VECTOR ( 'NONE', #532, 1000.000000000000000 ) ;
#294 = DIRECTION ( 'NONE',  ( 2.478176394252581634E-16, 1.000000000000000000, -0.000000000000000000 ) ) ;
#295 = CARTESIAN_POINT ( 'NONE',  ( 69.25000000000000000, -59.99999999999999289, 5.999999999999998224 ) ) ;
#296 = DIRECTION ( 'NONE',  ( 1.000000000000000000, 0.000000000000000000, 0.000000000000000000 ) ) ;
#297 = CARTESIAN_POINT ( 'NONE',  ( 12.50000000000000888, -55.99999999999999289, 9.899999999999998579 ) ) ;
#298 = DIRECTION ( 'NONE',  ( 1.182766006347823109E-16, -1.000000000000000000, 0.000000000000000000 ) ) ;
#299 = VERTEX_POINT ( 'NONE', #555 ) ;
#300 = ORIENTED_EDGE ( 'NONE', *, *, #674, .T. ) ;
#301 = EDGE_CURVE ( 'NONE', #904, #233, #818, .T. ) ;
#302 = ORIENTED_EDGE ( 'NONE', *, *, #1022, .F. ) ;
#303 = DIRECTION ( 'NONE',  ( 1.000000000000000000, 0.000000000000000000, 0.000000000000000000 ) ) ;
#304 = CARTESIAN_POINT ( 'NONE',  ( -85.49999999999998579, 56.00000000000000000, 10.40000000000000036 ) ) ;
#305 = CARTESIAN_POINT ( 'NONE',  ( 86.70000000000000284, -57.99999999999998579, 12.00000000000000000 ) ) ;
#306 = CC_DESIGN_PERSON_AND_ORGANIZATION_ASSIGNMENT ( #1851, #1651, ( #954 ) ) ;
#307 = VERTEX_POINT ( 'NONE', #831 ) ;
#308 = AXIS2_PLACEMENT_3D ( 'NONE', #323, #953, #1561 ) ;
#309 = DIRECTION ( 'NONE',  ( 1.000000000000000000, 0.000000000000000000, 0.000000000000000000 ) ) ;
#310 = DIRECTION ( 'NONE',  ( -0.000000000000000000, 0.000000000000000000, 1.000000000000000000 ) ) ;
#311 = VECTOR ( 'NONE', #1351, 1000.000000000000000 ) ;
#312 = CARTESIAN_POINT ( 'NONE',  ( -71.99999999999998579, -60.00000000000000711, 5.999999999999998224 ) ) ;
#313 = ORIENTED_EDGE ( 'NONE', *, *, #165, .T. ) ;
#314 = ORIENTED_EDGE ( 'NONE', *, *, #110, .F. ) ;
#315 = EDGE_CURVE ( 'NONE', #22, #215, #855, .T. ) ;
#316 = DIRECTION ( 'NONE',  ( 0.000000000000000000, -1.000000000000000000, 0.000000000000000000 ) ) ;
#317 = EDGE_CURVE ( 'NONE', #876, #1857, #35, .T. ) ;
#318 = LINE ( 'NONE', #1108, #1897 ) ;
#319 = LINE ( 'NONE', #948, #647 ) ;
#320 = DIRECTION ( 'NONE',  ( 1.000000000000000000, 0.000000000000000000, -0.000000000000000000 ) ) ;
#321 = ADVANCED_FACE ( 'NONE', ( #48 ), #1977, .F. ) ;
#322 = DIRECTION ( 'NONE',  ( 1.000000000000000000, 0.000000000000000000, 0.000000000000000000 ) ) ;
#323 = CARTESIAN_POINT ( 'NONE',  ( 85.50000000000002842, 55.99999999999999289, 1.600000000000000089 ) ) ;
#324 = VECTOR ( 'NONE', #1110, 1000.000000000000000 ) ;
#325 = VECTOR ( 'NONE', #850, 1000.000000000000000 ) ;
#326 = VERTEX_POINT ( 'NONE', #681 ) ;
#327 = VERTEX_POINT ( 'NONE', #1192 ) ;
#328 = ORIENTED_EDGE ( 'NONE', *, *, #1993, .T. ) ;
#329 = EDGE_CURVE ( 'NONE', #1411, #1031, #1323, .T. ) ;
#330 = LINE ( 'NONE', #964, #881 ) ;
#331 = DIRECTION ( 'NONE',  ( 1.182766006347823109E-16, -1.000000000000000000, 0.000000000000000000 ) ) ;
#332 = LINE ( 'NONE', #2065, #663 ) ;
#333 = LINE ( 'NONE', #172, #1764 ) ;
#334 = CARTESIAN_POINT ( 'NONE',  ( -86.69999999999998863, 57.99999999999998579, 0.5000000000000000000 ) ) ;
#335 = LINE ( 'NONE', #173, #951 ) ;
#336 = ADVANCED_FACE ( 'NONE', ( #667 ), #1002, .F. ) ;
#337 = LINE ( 'NONE', #45, #1681 ) ;
#338 = VERTEX_POINT ( 'NONE', #1157 ) ;
#339 = LINE ( 'NONE', #1472, #1550 ) ;
#340 = DIRECTION ( 'NONE',  ( -1.000000000000000000, 6.938893903907232322E-16, 0.000000000000000000 ) ) ;
#341 = CARTESIAN_POINT ( 'NONE',  ( 39.83012569102496059, 40.99999999999997868, 12.00000000000000000 ) ) ;
#342 = CIRCLE ( 'NONE', #1858, 10.00000000000000178 ) ;
#343 = VECTOR ( 'NONE', #1310, 1000.000000000000000 ) ;
#344 = PRODUCT_RELATED_PRODUCT_CATEGORY ( 'detail', '', ( #1120 ) ) ;
#345 = CIRCLE ( 'NONE', #2057, 10.00000000000000178 ) ;
#346 = CARTESIAN_POINT ( 'NONE',  ( -85.49999999999998579, -56.00000000000000711, 0.5000000000000000000 ) ) ;
#347 = ORIENTED_EDGE ( 'NONE', *, *, #497, .F. ) ;
#348 = CARTESIAN_POINT ( 'NONE',  ( 85.50000000000002842, -56.00000000000000000, 11.50000000000000000 ) ) ;
#349 = CARTESIAN_POINT ( 'NONE',  ( 12.50000000000001066, -53.00000000000002132, 10.40000000000000036 ) ) ;
#350 = EDGE_CURVE ( 'NONE', #771, #401, #846, .T. ) ;
#351 = DIRECTION ( 'NONE',  ( -6.938893903907232322E-16, -1.000000000000000000, 0.000000000000000000 ) ) ;
#352 = PLANE ( 'NONE',  #1144 ) ;
#353 = EDGE_CURVE ( 'NONE', #1417, #588, #745, .T. ) ;
#354 = VECTOR ( 'NONE', #1777, 1000.000000000000000 ) ;
#355 = DIRECTION ( 'NONE',  ( 3.469446951953616161E-16, 1.000000000000000000, 0.000000000000000000 ) ) ;
#356 = ORIENTED_EDGE ( 'NONE', *, *, #444, .T. ) ;
#357 = VECTOR ( 'NONE', #1033, 1000.000000000000000 ) ;
#358 = EDGE_CURVE ( 'NONE', #829, #233, #474, .T. ) ;
#359 = ORIENTED_EDGE ( 'NONE', *, *, #562, .T. ) ;
#360 = CARTESIAN_POINT ( 'NONE',  ( 85.50000000000002842, 55.99999999999999289, 0.5000000000000000000 ) ) ;
#361 = CARTESIAN_POINT ( 'NONE',  ( 74.75000000000001421, -59.99999999999999289, 5.999999999999998224 ) ) ;
#362 = DIRECTION ( 'NONE',  ( -0.000000000000000000, -0.000000000000000000, -1.000000000000000000 ) ) ;
#363 = COORDINATED_UNIVERSAL_TIME_OFFSET ( 8, 0, .AHEAD. ) ;
#364 = CARTESIAN_POINT ( 'NONE',  ( -39.83012569102495348, 2.999999999999981792, 12.00000000000000000 ) ) ;
#365 = EDGE_LOOP ( 'NONE', ( #873, #793, #1321, #1396, #130, #1846, #940, #11, #1586, #703, #832, #2049, #487, #1806, #1147, #785, #1809, #709 ) ) ;
#366 = ORIENTED_EDGE ( 'NONE', *, *, #619, .F. ) ;
#367 = ADVANCED_FACE ( 'NONE', ( #114 ), #255, .F. ) ;
#368 = DIRECTION ( 'NONE',  ( -0.000000000000000000, -0.000000000000000000, 1.000000000000000000 ) ) ;
#369 = LINE ( 'NONE', #1969, #1392 ) ;
#370 = ORIENTED_EDGE ( 'NONE', *, *, #650, .T. ) ;
#371 = EDGE_CURVE ( 'NONE', #1499, #649, #1394, .T. ) ;
#372 = LINE ( 'NONE', #55, #966 ) ;
#373 = CARTESIAN_POINT ( 'NONE',  ( 0.000000000000000000, 2.999999999999981792, 10.40000000000000036 ) ) ;
#374 = CALENDAR_DATE ( 2026, 4, 6 ) ;
#375 = DIRECTION ( 'NONE',  ( 1.000000000000000000, 0.000000000000000000, 0.000000000000000000 ) ) ;
#376 = VECTOR ( 'NONE', #863, 1000.000000000000000 ) ;
#377 = VECTOR ( 'NONE', #1703, 1000.000000000000000 ) ;
#378 = CIRCLE ( 'NONE', #12, 2.750000000000002665 ) ;
#379 = VERTEX_POINT ( 'NONE', #734 ) ;
#380 = ADVANCED_FACE ( 'NONE', ( #431, #1219, #420, #1877, #891, #1538 ), #1380, .F. ) ;
#381 = DIRECTION ( 'NONE',  ( 1.000000000000000000, 0.000000000000000000, 0.000000000000000000 ) ) ;
#382 = PLANE ( 'NONE',  #1162 ) ;
#383 = ORIENTED_EDGE ( 'NONE', *, *, #885, .T. ) ;
#384 = EDGE_CURVE ( 'NONE', #2056, #1402, #882, .T. ) ;
#385 = CALENDAR_DATE ( 2026, 4, 6 ) ;
#386 = CARTESIAN_POINT ( 'NONE',  ( 26.25000000000000355, 2.999999999999981792, 10.40000000000000036 ) ) ;
#387 = ORIENTED_EDGE ( 'NONE', *, *, #775, .F. ) ;
#388 = ORIENTED_EDGE ( 'NONE', *, *, #468, .T. ) ;
#389 = AXIS2_PLACEMENT_3D ( 'NONE', #1667, #1506, #73 ) ;
#390 = AXIS2_PLACEMENT_3D ( 'NONE', #585, #778, #2076 ) ;
#391 = CARTESIAN_POINT ( 'NONE',  ( -12.50000000000001066, -53.00000000000002132, 1.600000000000000089 ) ) ;
#392 = ORIENTED_EDGE ( 'NONE', *, *, #1381, .F. ) ;
#393 = DIRECTION ( 'NONE',  ( -1.000000000000000000, 0.000000000000000000, 0.000000000000000000 ) ) ;
#394 = DIRECTION ( 'NONE',  ( 1.000000000000000000, 0.000000000000000000, 0.000000000000000000 ) ) ;
#395 = PLANE ( 'NONE',  #1785 ) ;
#396 = LINE ( 'NONE', #1545, #1950 ) ;
#397 = APPLICATION_PROTOCOL_DEFINITION ( 'international standard', 'config_control_design', 1994, #1493 ) ;
#398 = DIRECTION ( 'NONE',  ( 0.000000000000000000, 0.000000000000000000, -1.000000000000000000 ) ) ;
#399 = FACE_OUTER_BOUND ( 'NONE', #505, .T. ) ;
#400 = ORIENTED_EDGE ( 'NONE', *, *, #1983, .T. ) ;
#401 = VERTEX_POINT ( 'NONE', #564 ) ;
#402 = VERTEX_POINT ( 'NONE', #1714 ) ;
#403 = CARTESIAN_POINT ( 'NONE',  ( -12.50000000000001243, -56.00000000000000000, 2.100000000000000089 ) ) ;
#404 = DIRECTION ( 'NONE',  ( 0.000000000000000000, 0.000000000000000000, -1.000000000000000000 ) ) ;
#405 = APPROVAL_STATUS ( 'not_yet_approved' ) ;
#406 = CARTESIAN_POINT ( 'NONE',  ( -85.49999999999998579, 56.00000000000000000, 10.40000000000000036 ) ) ;
#407 = EDGE_CURVE ( 'NONE', #1286, #2050, #1049, .T. ) ;
#408 = DIRECTION ( 'NONE',  ( -0.000000000000000000, 0.000000000000000000, -1.000000000000000000 ) ) ;
#409 = EDGE_LOOP ( 'NONE', ( #1424, #1692, #234, #1184 ) ) ;
#410 = ORIENTED_EDGE ( 'NONE', *, *, #371, .T. ) ;
#411 = AXIS2_PLACEMENT_3D ( 'NONE', #1892, #568, #1868 ) ;
#412 = VECTOR ( 'NONE', #261, 1000.000000000000000 ) ;
#413 = VERTEX_POINT ( 'NONE', #266 ) ;
#414 = LOCAL_TIME ( 14, 51, 54.00000000000000000, #511 ) ;
#415 = LINE ( 'NONE', #1044, #357 ) ;
#416 = LINE ( 'NONE', #1213, #797 ) ;
#417 = PLANE ( 'NONE',  #1204 ) ;
#418 = ADVANCED_FACE ( 'NONE', ( #463, #1285 ), #2040, .F. ) ;
#419 = LINE ( 'NONE', #1886, #662 ) ;
#420 = FACE_BOUND ( 'NONE', #994, .T. ) ;
#421 = ORIENTED_EDGE ( 'NONE', *, *, #820, .T. ) ;
#422 = ORIENTED_EDGE ( 'NONE', *, *, #1466, .T. ) ;
#423 = AXIS2_PLACEMENT_3D ( 'NONE', #1062, #782, #1265 ) ;
#424 = CARTESIAN_POINT ( 'NONE',  ( 86.69999999999998863, -58.00000000000001421, 0.5000000000000000000 ) ) ;
#425 = CIRCLE ( 'NONE', #809, 2.750000000000002665 ) ;
#426 = CARTESIAN_POINT ( 'NONE',  ( -87.99999999999998579, -60.00000000000000711, 12.00000000000000000 ) ) ;
#427 = DIRECTION ( 'NONE',  ( 1.000000000000000000, 0.000000000000000000, 0.000000000000000000 ) ) ;
#428 = EDGE_LOOP ( 'NONE', ( #1693, #100, #860, #1015 ) ) ;
#429 = PLANE ( 'NONE',  #8 ) ;
#430 = PLANE ( 'NONE',  #699 ) ;
#431 = FACE_BOUND ( 'NONE', #565, .T. ) ;
#432 = ORIENTED_EDGE ( 'NONE', *, *, #492, .T. ) ;
#433 = ORIENTED_EDGE ( 'NONE', *, *, #1694, .F. ) ;
#434 = DIRECTION ( 'NONE',  ( 1.000000000000000000, 0.000000000000000000, 0.000000000000000000 ) ) ;
#435 = LINE ( 'NONE', #916, #1525 ) ;
#436 = DIRECTION ( 'NONE',  ( -1.000000000000000000, 0.000000000000000000, 0.000000000000000000 ) ) ;
#437 = ORIENTED_EDGE ( 'NONE', *, *, #1630, .F. ) ;
#438 = CC_DESIGN_PERSON_AND_ORGANIZATION_ASSIGNMENT ( #1799, #1343, ( #1726 ) ) ;
#439 = EDGE_LOOP ( 'NONE', ( #1487, #1170, #1574, #273 ) ) ;
#440 = ORIENTED_EDGE ( 'NONE', *, *, #4, .T. ) ;
#441 = VECTOR ( 'NONE', #1810, 1000.000000000000000 ) ;
#442 = CARTESIAN_POINT ( 'NONE',  ( 84.00000000000001421, 56.00000000000000711, 12.00000000000000000 ) ) ;
#443 = DIRECTION ( 'NONE',  ( -1.000000000000000000, 0.000000000000000000, -0.000000000000000000 ) ) ;
#444 = EDGE_CURVE ( 'NONE', #693, #545, #750, .T. ) ;
#445 = CARTESIAN_POINT ( 'NONE',  ( 85.50000000000001421, -56.00000000000000711, 1.600000000000000089 ) ) ;
#446 = CARTESIAN_POINT ( 'NONE',  ( -16.25000000000000355, -47.00000000000000000, 12.00000000000000000 ) ) ;
#447 = VERTEX_POINT ( 'NONE', #1591 ) ;
#448 = ORIENTED_EDGE ( 'NONE', *, *, #1090, .T. ) ;
#449 = ORIENTED_EDGE ( 'NONE', *, *, #207, .F. ) ;
#450 = FACE_OUTER_BOUND ( 'NONE', #1656, .T. ) ;
#451 = VECTOR ( 'NONE', #729, 1000.000000000000000 ) ;
#452 = CARTESIAN_POINT ( 'NONE',  ( 86.69999999999997442, 58.00000000000001421, 11.50000000000000000 ) ) ;
#453 = DIRECTION ( 'NONE',  ( 1.182766006347823109E-16, -1.000000000000000000, -0.000000000000000000 ) ) ;
#454 = VECTOR ( 'NONE', #197, 1000.000000000000000 ) ;
#455 = ORIENTED_EDGE ( 'NONE', *, *, #823, .T. ) ;
#456 = VERTEX_POINT ( 'NONE', #1691 ) ;
#457 = EDGE_CURVE ( 'NONE', #713, #1711, #1397, .T. ) ;
#458 = ORIENTED_EDGE ( 'NONE', *, *, #650, .F. ) ;
#459 = DIRECTION ( 'NONE',  ( -1.239088197126290817E-16, -1.000000000000000000, 0.000000000000000000 ) ) ;
#460 = DIRECTION ( 'NONE',  ( 1.000000000000000000, 0.000000000000000000, 0.000000000000000000 ) ) ;
#461 = DIRECTION ( 'NONE',  ( 1.000000000000000000, 0.000000000000000000, 0.000000000000000000 ) ) ;
#462 = ORIENTED_EDGE ( 'NONE', *, *, #1751, .F. ) ;
#463 = FACE_BOUND ( 'NONE', #247, .T. ) ;
#464 = CARTESIAN_POINT ( 'NONE',  ( -26.24999999999999645, -7.000000000000018652, 10.40000000000000036 ) ) ;
#465 = EDGE_CURVE ( 'NONE', #1843, #1711, #2078, .T. ) ;
#466 = ORIENTED_EDGE ( 'NONE', *, *, #1782, .T. ) ;
#467 = ORIENTED_EDGE ( 'NONE', *, *, #1990, .T. ) ;
#468 = EDGE_CURVE ( 'NONE', #1575, #38, #2036, .T. ) ;
#469 = DIRECTION ( 'NONE',  ( -2.392722035830078972E-16, 1.000000000000000000, -0.000000000000000000 ) ) ;
#470 = DIRECTION ( 'NONE',  ( 0.000000000000000000, -0.000000000000000000, -1.000000000000000000 ) ) ;
#471 = DIRECTION ( 'NONE',  ( 1.000000000000000000, 0.000000000000000000, 0.000000000000000000 ) ) ;
#472 = PLANE ( 'NONE',  #1612 ) ;
#473 = CIRCLE ( 'NONE', #902, 2.750000000000002665 ) ;
#474 = LINE ( 'NONE', #1553, #155 ) ;
#475 = DIRECTION ( 'NONE',  ( 1.000000000000000000, 0.000000000000000000, 0.000000000000000000 ) ) ;
#476 = VECTOR ( 'NONE', #1117, 1000.000000000000000 ) ;
#477 = ORIENTED_EDGE ( 'NONE', *, *, #165, .F. ) ;
#478 = ADVANCED_FACE ( 'NONE', ( #1760 ), #952, .F. ) ;
#479 = VERTEX_POINT ( 'NONE', #246 ) ;
#480 = DIRECTION ( 'NONE',  ( -1.000000000000000000, -1.196361017915039732E-16, 0.000000000000000000 ) ) ;
#481 = DIRECTION ( 'NONE',  ( 0.000000000000000000, 0.000000000000000000, -1.000000000000000000 ) ) ;
#482 = ADVANCED_FACE ( 'NONE', ( #93 ), #1368, .F. ) ;
#483 = CARTESIAN_POINT ( 'NONE',  ( -15.99999999999997868, -47.00000000000000000, 8.250000000000000000 ) ) ;
#484 = LINE ( 'NONE', #1123, #1119 ) ;
#485 = VECTOR ( 'NONE', #303, 1000.000000000000000 ) ;
#486 = VECTOR ( 'NONE', #1058, 1000.000000000000000 ) ;
#487 = ORIENTED_EDGE ( 'NONE', *, *, #1462, .F. ) ;
#488 = ORIENTED_EDGE ( 'NONE', *, *, #2015, .T. ) ;
#489 = DIRECTION ( 'NONE',  ( -0.000000000000000000, -0.000000000000000000, 1.000000000000000000 ) ) ;
#490 = PLANE ( 'NONE',  #567 ) ;
#491 = DIRECTION ( 'NONE',  ( -1.239088197126290817E-16, -1.000000000000000000, 0.000000000000000000 ) ) ;
#492 = EDGE_CURVE ( 'NONE', #1304, #326, #1958, .T. ) ;
#493 = DIRECTION ( 'NONE',  ( 1.000000000000000000, -1.156482317317871478E-16, 0.000000000000000000 ) ) ;
#494 = ORIENTED_EDGE ( 'NONE', *, *, #115, .F. ) ;
#495 = ADVANCED_FACE ( 'NONE', ( #1143 ), #181, .T. ) ;
#496 = PLANE ( 'NONE',  #1179 ) ;
#497 = EDGE_CURVE ( 'NONE', #588, #213, #1617, .T. ) ;
#498 = DIRECTION ( 'NONE',  ( 1.000000000000000000, 0.000000000000000000, 0.000000000000000000 ) ) ;
#499 = CARTESIAN_POINT ( 'NONE',  ( -12.50000000000001243, -56.00000000000000000, 2.100000000000000089 ) ) ;
#500 = EDGE_CURVE ( 'NONE', #1436, #1715, #808, .T. ) ;
#501 = AXIS2_PLACEMENT_3D ( 'NONE', #245, #1723, #475 ) ;
#502 = VECTOR ( 'NONE', #1468, 1000.000000000000000 ) ;
#503 = VECTOR ( 'NONE', #798, 1000.000000000000000 ) ;
#504 = CARTESIAN_POINT ( 'NONE',  ( -12.49999999999999289, -53.00000000000002132, 9.899999999999998579 ) ) ;
#505 = EDGE_LOOP ( 'NONE', ( #466, #1677 ) ) ;
#506 = DIRECTION ( 'NONE',  ( 1.196361017915039732E-16, -1.000000000000000000, 0.000000000000000000 ) ) ;
#507 = FACE_OUTER_BOUND ( 'NONE', #3, .T. ) ;
#508 = DIRECTION ( 'NONE',  ( -0.000000000000000000, -0.000000000000000000, -1.000000000000000000 ) ) ;
#509 = DIRECTION ( 'NONE',  ( 1.182766006347823109E-16, -1.000000000000000000, -0.000000000000000000 ) ) ;
#510 = DIRECTION ( 'NONE',  ( 1.182766006347823109E-16, -1.000000000000000000, 0.000000000000000000 ) ) ;
#511 = COORDINATED_UNIVERSAL_TIME_OFFSET ( 8, 0, .AHEAD. ) ;
#512 = DIRECTION ( 'NONE',  ( 1.000000000000000000, 0.000000000000000000, 0.000000000000000000 ) ) ;
#513 = ORIENTED_EDGE ( 'NONE', *, *, #468, .F. ) ;
#514 = ADVANCED_FACE ( 'NONE', ( #1134 ), #352, .F. ) ;
#515 = CIRCLE ( 'NONE', #1664, 4.000000000000003553 ) ;
#516 = ORIENTED_EDGE ( 'NONE', *, *, #1579, .F. ) ;
#517 = EDGE_CURVE ( 'NONE', #1151, #1775, #960, .T. ) ;
#518 = LINE ( 'NONE', #14, #1132 ) ;
#519 = VERTEX_POINT ( 'NONE', #43 ) ;
#520 = CARTESIAN_POINT ( 'NONE',  ( 72.00000000000001421, -54.49999999999999289, 5.999999999999998224 ) ) ;
#521 = CARTESIAN_POINT ( 'NONE',  ( -35.25000000000000000, -54.50000000000000711, 5.999999999999998224 ) ) ;
#522 = ORIENTED_EDGE ( 'NONE', *, *, #1462, .T. ) ;
#523 = DATE_AND_TIME ( #70, #660 ) ;
#524 = EDGE_CURVE ( 'NONE', #447, #913, #1833, .T. ) ;
#525 = DIRECTION ( 'NONE',  ( -1.000000000000000000, 0.000000000000000000, 0.000000000000000000 ) ) ;
#526 = ORIENTED_EDGE ( 'NONE', *, *, #1022, .T. ) ;
#527 = EDGE_CURVE ( 'NONE', #1546, #1894, #546, .T. ) ;
#528 = ORIENTED_EDGE ( 'NONE', *, *, #931, .F. ) ;
#529 = FACE_OUTER_BOUND ( 'NONE', #365, .T. ) ;
#530 = LINE ( 'NONE', #1328, #486 ) ;
#531 = LINE ( 'NONE', #1674, #1446 ) ;
#532 = DIRECTION ( 'NONE',  ( -0.000000000000000000, -0.000000000000000000, 1.000000000000000000 ) ) ;
#533 = VECTOR ( 'NONE', #288, 1000.000000000000000 ) ;
#534 = ORIENTED_EDGE ( 'NONE', *, *, #527, .T. ) ;
#535 = ORIENTED_EDGE ( 'NONE', *, *, #168, .T. ) ;
#536 = VERTEX_POINT ( 'NONE', #997 ) ;
#537 = VERTEX_POINT ( 'NONE', #1300 ) ;
#538 = EDGE_CURVE ( 'NONE', #1255, #1583, #1946, .T. ) ;
#539 = DIRECTION ( 'NONE',  ( 1.182766006347823109E-16, -1.000000000000000000, 0.000000000000000000 ) ) ;
#540 = CARTESIAN_POINT ( 'NONE',  ( 26.25000000000000355, 2.999999999999981792, 12.00000000000000000 ) ) ;
#541 = CARTESIAN_POINT ( 'NONE',  ( 16.24999999999999645, -53.00000000000002132, 2.100000000000000977 ) ) ;
#542 = VECTOR ( 'NONE', #907, 1000.000000000000000 ) ;
#543 = CARTESIAN_POINT ( 'NONE',  ( 86.70000000000001705, 57.99999999999998579, 0.5000000000000000000 ) ) ;
#544 = ORIENTED_EDGE ( 'NONE', *, *, #1178, .F. ) ;
#545 = VERTEX_POINT ( 'NONE', #1489 ) ;
#546 = CIRCLE ( 'NONE', #1456, 2.250000000000000444 ) ;
#547 = CARTESIAN_POINT ( 'NONE',  ( 26.25000000000000355, 2.999999999999981792, 1.600000000000000089 ) ) ;
#548 = ORIENTED_EDGE ( 'NONE', *, *, #1225, .F. ) ;
#549 = CYLINDRICAL_SURFACE ( 'NONE', #826, 2.750000000000002665 ) ;
#550 = CYLINDRICAL_SURFACE ( 'NONE', #1319, 4.000000000000003553 ) ;
#551 = CARTESIAN_POINT ( 'NONE',  ( 74.75000000000001421, -54.49999999999999289, 5.999999999999998224 ) ) ;
#552 = CARTESIAN_POINT ( 'NONE',  ( 12.49999999999998934, -51.00000000000000711, 2.100000000000000089 ) ) ;
#553 = EDGE_LOOP ( 'NONE', ( #773, #1556, #1935, #1215 ) ) ;
#554 = DIRECTION ( 'NONE',  ( 1.000000000000000000, 0.000000000000000000, 0.000000000000000000 ) ) ;
#555 = CARTESIAN_POINT ( 'NONE',  ( -85.49999999999998579, 55.99999999999999289, 1.600000000000000089 ) ) ;
#556 = ORIENTED_EDGE ( 'NONE', *, *, #1968, .T. ) ;
#557 = EDGE_LOOP ( 'NONE', ( #2028, #548, #1415, #598 ) ) ;
#558 = EDGE_CURVE ( 'NONE', #1093, #1183, #189, .T. ) ;
#559 = FACE_OUTER_BOUND ( 'NONE', #557, .T. ) ;
#560 = CARTESIAN_POINT ( 'NONE',  ( -83.99999999999995737, 55.99999999999997868, 12.00000000000000000 ) ) ;
#561 = CARTESIAN_POINT ( 'NONE',  ( 12.50000000000000888, -55.99999999999999289, 10.40000000000000036 ) ) ;
#562 = EDGE_CURVE ( 'NONE', #1402, #1417, #32, .T. ) ;
#563 = CARTESIAN_POINT ( 'NONE',  ( 88.00000000000004263, -59.99999999999998579, 12.00000000000000000 ) ) ;
#564 = CARTESIAN_POINT ( 'NONE',  ( -39.83012569102495348, 2.999999999999981792, 1.600000000000000089 ) ) ;
#565 = EDGE_LOOP ( 'NONE', ( #1867, #2066, #742, #1444, #186 ) ) ;
#566 = ORIENTED_EDGE ( 'NONE', *, *, #1042, .F. ) ;
#567 = AXIS2_PLACEMENT_3D ( 'NONE', #824, #968, #1625 ) ;
#568 = DIRECTION ( 'NONE',  ( 0.000000000000000000, -1.000000000000000000, 0.000000000000000000 ) ) ;
#569 = VECTOR ( 'NONE', #170, 1000.000000000000000 ) ;
#570 = DIRECTION ( 'NONE',  ( -2.392722035830079465E-16, 1.000000000000000000, 0.000000000000000000 ) ) ;
#571 = PLANE ( 'NONE',  #201 ) ;
#572 = DIRECTION ( 'NONE',  ( -0.000000000000000000, -0.000000000000000000, -1.000000000000000000 ) ) ;
#573 = CARTESIAN_POINT ( 'NONE',  ( -87.99999999999998579, -60.00000000000000711, 0.000000000000000000 ) ) ;
#574 = ORIENTED_EDGE ( 'NONE', *, *, #1254, .F. ) ;
#575 = CARTESIAN_POINT ( 'NONE',  ( 16.00000000000002132, -53.00000000000002132, 3.750000000000000000 ) ) ;
#576 = CARTESIAN_POINT ( 'NONE',  ( 16.00000000000002132, -47.00000000000000000, 8.250000000000000000 ) ) ;
#577 = EDGE_CURVE ( 'NONE', #1843, #597, #425, .T. ) ;
#578 = ORIENTED_EDGE ( 'NONE', *, *, #465, .T. ) ;
#579 = ORIENTED_EDGE ( 'NONE', *, *, #1853, .F. ) ;
#580 = EDGE_CURVE ( 'NONE', #586, #1531, #1953, .T. ) ;
#581 = DIRECTION ( 'NONE',  ( 1.239088197126290817E-16, 1.000000000000000000, 0.000000000000000000 ) ) ;
#582 = LINE ( 'NONE', #2052, #2033 ) ;
#583 = VECTOR ( 'NONE', #838, 1000.000000000000000 ) ;
#584 = DIRECTION ( 'NONE',  ( -1.000000000000000000, -0.000000000000000000, -0.000000000000000000 ) ) ;
#585 = CARTESIAN_POINT ( 'NONE',  ( 16.00000000000002132, -60.00000000000000000, 6.000000000000000000 ) ) ;
#586 = VERTEX_POINT ( 'NONE', #1635 ) ;
#587 = CARTESIAN_POINT ( 'NONE',  ( 26.25000000000000355, -7.000000000000018652, 12.00000000000000000 ) ) ;
#588 = VERTEX_POINT ( 'NONE', #825 ) ;
#589 = ORIENTED_EDGE ( 'NONE', *, *, #861, .F. ) ;
#590 = DIRECTION ( 'NONE',  ( -0.000000000000000000, -0.000000000000000000, -1.000000000000000000 ) ) ;
#591 = CARTESIAN_POINT ( 'NONE',  ( 86.69999999999997442, 58.00000000000001421, 12.00000000000000000 ) ) ;
#592 = ADVANCED_FACE ( 'NONE', ( #1477 ), #672, .T. ) ;
#593 = CARTESIAN_POINT ( 'NONE',  ( -26.24999999999999645, 2.999999999999981792, 10.40000000000000036 ) ) ;
#594 = LINE ( 'NONE', #1401, #1623 ) ;
#595 = CARTESIAN_POINT ( 'NONE',  ( -12.49999999999999289, -51.00000000000000000, 9.899999999999998579 ) ) ;
#596 = EDGE_LOOP ( 'NONE', ( #943, #205, #516, #1244 ) ) ;
#597 = VERTEX_POINT ( 'NONE', #521 ) ;
#598 = ORIENTED_EDGE ( 'NONE', *, *, #735, .T. ) ;
#599 = VECTOR ( 'NONE', #1663, 1000.000000000000000 ) ;
#600 = LINE ( 'NONE', #1767, #1563 ) ;
#601 = CARTESIAN_POINT ( 'NONE',  ( -85.49999999999998579, 56.00000000000000000, 11.50000000000000000 ) ) ;
#602 = AXIS2_PLACEMENT_3D ( 'NONE', #1460, #26, #512 ) ;
#603 = CIRCLE ( 'NONE', #1306, 2.750000000000002665 ) ;
#604 = DIRECTION ( 'NONE',  ( 1.000000000000000000, 0.000000000000000000, 0.000000000000000000 ) ) ;
#605 = DIRECTION ( 'NONE',  ( -0.000000000000000000, -0.000000000000000000, -1.000000000000000000 ) ) ;
#606 = AXIS2_PLACEMENT_3D ( 'NONE', #1365, #1515, #1356 ) ;
#607 = EDGE_CURVE ( 'NONE', #1492, #1794, #484, .T. ) ;
#608 = ORIENTED_EDGE ( 'NONE', *, *, #1869, .T. ) ;
#609 = ORIENTED_EDGE ( 'NONE', *, *, #791, .T. ) ;
#610 = LINE ( 'NONE', #2041, #1118 ) ;
#611 = ORIENTED_EDGE ( 'NONE', *, *, #315, .F. ) ;
#612 = CARTESIAN_POINT ( 'NONE',  ( -39.83012569102495348, 40.99999999999997868, 12.00000000000000000 ) ) ;
#613 = AXIS2_PLACEMENT_3D ( 'NONE', #847, #1670, #717 ) ;
#614 = DIRECTION ( 'NONE',  ( 0.000000000000000000, 0.000000000000000000, -1.000000000000000000 ) ) ;
#615 = LINE ( 'NONE', #151, #476 ) ;
#616 = ORIENTED_EDGE ( 'NONE', *, *, #791, .F. ) ;
#617 = AXIS2_PLACEMENT_3D ( 'NONE', #1318, #206, #1963 ) ;
#618 = CARTESIAN_POINT ( 'NONE',  ( -16.25000000000000355, -47.00000000000000000, 3.763932022500213304 ) ) ;
#619 = EDGE_CURVE ( 'NONE', #1072, #1497, #335, .T. ) ;
#620 = EDGE_LOOP ( 'NONE', ( #1735, #819, #111, #1680 ) ) ;
#621 = ORIENTED_EDGE ( 'NONE', *, *, #2058, .F. ) ;
#622 = EDGE_LOOP ( 'NONE', ( #366, #494, #756, #1289, #912, #1951, #1739, #1112 ) ) ;
#623 = CARTESIAN_POINT ( 'NONE',  ( -16.25000000000000355, -47.00000000000000000, 8.236067977499788029 ) ) ;
#624 = LINE ( 'NONE', #1271, #1567 ) ;
#625 = CARTESIAN_POINT ( 'NONE',  ( -40.75000000000000000, -54.50000000000000711, 5.999999999999998224 ) ) ;
#626 = EDGE_CURVE ( 'NONE', #85, #1978, #1175, .T. ) ;
#627 = DIRECTION ( 'NONE',  ( -0.000000000000000000, -0.000000000000000000, -1.000000000000000000 ) ) ;
#628 = ORIENTED_EDGE ( 'NONE', *, *, #99, .F. ) ;
#629 = ORIENTED_EDGE ( 'NONE', *, *, #524, .T. ) ;
#630 = EDGE_CURVE ( 'NONE', #1715, #771, #1972, .T. ) ;
#631 = PLANE ( 'NONE',  #1936 ) ;
#632 = CARTESIAN_POINT ( 'NONE',  ( -39.83012569102495348, 40.99999999999997868, 10.40000000000000036 ) ) ;
#633 = VECTOR ( 'NONE', #1061, 1000.000000000000000 ) ;
#634 = AXIS2_PLACEMENT_3D ( 'NONE', #1939, #658, #965 ) ;
#635 = DIRECTION ( 'NONE',  ( 1.000000000000000000, -0.000000000000000000, -0.000000000000000000 ) ) ;
#636 = VECTOR ( 'NONE', #1684, 1000.000000000000000 ) ;
#637 =( NAMED_UNIT ( * ) SI_UNIT ( $, .STERADIAN. ) SOLID_ANGLE_UNIT ( ) );
#638 = ORIENTED_EDGE ( 'NONE', *, *, #527, .F. ) ;
#639 = ORIENTED_EDGE ( 'NONE', *, *, #653, .F. ) ;
#640 = DIRECTION ( 'NONE',  ( 1.000000000000000000, 0.000000000000000000, 0.000000000000000000 ) ) ;
#641 = EDGE_CURVE ( 'NONE', #2008, #200, #1352, .T. ) ;
#642 = VECTOR ( 'NONE', #1808, 1000.000000000000000 ) ;
#643 = FACE_OUTER_BOUND ( 'NONE', #208, .T. ) ;
#644 = DIRECTION ( 'NONE',  ( 1.000000000000000000, -1.826024711554533913E-16, 0.000000000000000000 ) ) ;
#645 = EDGE_CURVE ( 'NONE', #1280, #307, #1372, .T. ) ;
#646 = AXIS2_PLACEMENT_3D ( 'NONE', #312, #1942, #375 ) ;
#647 = VECTOR ( 'NONE', #1249, 1000.000000000000000 ) ;
#648 = CARTESIAN_POINT ( 'NONE',  ( -87.99999999999997158, 59.99999999999998579, 12.00000000000000000 ) ) ;
#649 = VERTEX_POINT ( 'NONE', #2020 ) ;
#650 = EDGE_CURVE ( 'NONE', #1138, #829, #1198, .T. ) ;
#651 = DIRECTION ( 'NONE',  ( -0.000000000000000000, 1.000000000000000000, -0.000000000000000000 ) ) ;
#652 = DIRECTION ( 'NONE',  ( 0.000000000000000000, -1.000000000000000000, 0.000000000000000000 ) ) ;
#653 = EDGE_CURVE ( 'NONE', #1536, #920, #2010, .T. ) ;
#654 = CARTESIAN_POINT ( 'NONE',  ( 0.000000000000000000, 0.000000000000000000, 1.600000000000000089 ) ) ;
#655 = ORIENTED_EDGE ( 'NONE', *, *, #1682, .T. ) ;
#656 = ORIENTED_EDGE ( 'NONE', *, *, #1883, .F. ) ;
#657 = LINE ( 'NONE', #360, #2035 ) ;
#658 = DIRECTION ( 'NONE',  ( -1.000000000000000000, 2.478176394252581634E-16, 0.000000000000000000 ) ) ;
#659 = LINE ( 'NONE', #1845, #776 ) ;
#660 = LOCAL_TIME ( 14, 51, 54.00000000000000000, #44 ) ;
#661 = CARTESIAN_POINT ( 'NONE',  ( -38.00000000000000000, -54.50000000000000711, 5.999999999999998224 ) ) ;
#662 = VECTOR ( 'NONE', #1048, 1000.000000000000000 ) ;
#663 = VECTOR ( 'NONE', #453, 1000.000000000000000 ) ;
#664 = PLANE ( 'NONE',  #1413 ) ;
#665 = APPROVAL ( #1154, '未指定' ) ;
#666 = EDGE_LOOP ( 'NONE', ( #65, #1866, #1190, #1041, #276, #1521, #628, #440 ) ) ;
#667 = FACE_OUTER_BOUND ( 'NONE', #409, .T. ) ;
#668 = ORIENTED_EDGE ( 'NONE', *, *, #2063, .F. ) ;
#669 = DIRECTION ( 'NONE',  ( 1.000000000000000000, -0.000000000000000000, -0.000000000000000000 ) ) ;
#670 = ORIENTED_EDGE ( 'NONE', *, *, #1309, .T. ) ;
#671 = CARTESIAN_POINT ( 'NONE',  ( 12.49999999999998934, -56.00000000000000000, 2.100000000000000089 ) ) ;
#672 = PLANE ( 'NONE',  #617 ) ;
#673 = EDGE_CURVE ( 'NONE', #1231, #1628, #1544, .T. ) ;
#674 = EDGE_CURVE ( 'NONE', #2056, #413, #1491, .T. ) ;
#675 = DATE_AND_TIME ( #385, #906 ) ;
#676 = AXIS2_PLACEMENT_3D ( 'NONE', #278, #1541, #570 ) ;
#677 = DIRECTION ( 'NONE',  ( 3.469446951953616161E-16, 1.000000000000000000, 0.000000000000000000 ) ) ;
#678 = VECTOR ( 'NONE', #298, 1000.000000000000000 ) ;
#679 = AXIS2_PLACEMENT_3D ( 'NONE', #2014, #408, #1922 ) ;
#680 = EDGE_CURVE ( 'NONE', #1775, #402, #530, .T. ) ;
#681 = CARTESIAN_POINT ( 'NONE',  ( -15.99999999999997335, -60.00000000000000000, 3.750000000000000000 ) ) ;
#682 = ORIENTED_EDGE ( 'NONE', *, *, #500, .T. ) ;
#683 = DIRECTION ( 'NONE',  ( -0.000000000000000000, -0.000000000000000000, 1.000000000000000000 ) ) ;
#684 = ORIENTED_EDGE ( 'NONE', *, *, #353, .T. ) ;
#685 = CARTESIAN_POINT ( 'NONE',  ( -12.49999999999999289, -53.00000000000002132, 10.40000000000000036 ) ) ;
#686 = DIRECTION ( 'NONE',  ( 1.182766006347823109E-16, -1.000000000000000000, 0.000000000000000000 ) ) ;
#687 = ADVANCED_FACE ( 'NONE', ( #1673 ), #550, .T. ) ;
#688 = DATE_AND_TIME ( #988, #1479 ) ;
#689 = CARTESIAN_POINT ( 'NONE',  ( -16.24999999999999645, 2.999999999999981792, 1.600000000000000089 ) ) ;
#690 = DIRECTION ( 'NONE',  ( 0.000000000000000000, 0.000000000000000000, 1.000000000000000000 ) ) ;
#691 = ORIENTED_EDGE ( 'NONE', *, *, #497, .T. ) ;
#692 = EDGE_CURVE ( 'NONE', #1255, #1360, #1859, .T. ) ;
#693 = VERTEX_POINT ( 'NONE', #260 ) ;
#694 = DIRECTION ( 'NONE',  ( -0.000000000000000000, 0.000000000000000000, 1.000000000000000000 ) ) ;
#695 = LINE ( 'NONE', #108, #1258 ) ;
#696 = LINE ( 'NONE', #1687, #1611 ) ;
#697 = APPROVAL_DATE_TIME ( #688, #1931 ) ;
#698 = CARTESIAN_POINT ( 'NONE',  ( 0.000000000000000000, -53.00000000000002132, 10.40000000000000036 ) ) ;
#699 = AXIS2_PLACEMENT_3D ( 'NONE', #754, #1229, #1552 ) ;
#700 = VECTOR ( 'NONE', #1884, 1000.000000000000000 ) ;
#701 = CARTESIAN_POINT ( 'NONE',  ( -69.24999999999997158, -54.50000000000000711, 5.999999999999998224 ) ) ;
#702 = DIRECTION ( 'NONE',  ( 0.000000000000000000, 0.000000000000000000, -1.000000000000000000 ) ) ;
#703 = ORIENTED_EDGE ( 'NONE', *, *, #99, .T. ) ;
#704 = ORIENTED_EDGE ( 'NONE', *, *, #212, .T. ) ;
#705 = ORIENTED_EDGE ( 'NONE', *, *, #732, .F. ) ;
#706 = CARTESIAN_POINT ( 'NONE',  ( -39.83012569102495348, 40.99999999999997868, 1.600000000000000089 ) ) ;
#707 = DIRECTION ( 'NONE',  ( -1.000000000000000000, 0.000000000000000000, 0.000000000000000000 ) ) ;
#708 = CARTESIAN_POINT ( 'NONE',  ( 16.24999999999999645, -53.00000000000002132, 8.236067977499793358 ) ) ;
#709 = ORIENTED_EDGE ( 'NONE', *, *, #680, .F. ) ;
#710 = FACE_OUTER_BOUND ( 'NONE', #117, .T. ) ;
#711 = ADVANCED_FACE ( 'NONE', ( #896 ), #1835, .F. ) ;
#712 = AXIS2_PLACEMENT_3D ( 'NONE', #1695, #259, #581 ) ;
#713 = VERTEX_POINT ( 'NONE', #1164 ) ;
#714 = ORIENTED_EDGE ( 'NONE', *, *, #2029, .F. ) ;
#715 = VECTOR ( 'NONE', #1273, 1000.000000000000000 ) ;
#716 = EDGE_CURVE ( 'NONE', #1965, #1499, #1082, .T. ) ;
#717 = DIRECTION ( 'NONE',  ( 1.000000000000000000, 0.000000000000000000, 0.000000000000000000 ) ) ;
#718 = CARTESIAN_POINT ( 'NONE',  ( -85.49999999999998579, -56.00000000000000000, 10.40000000000000036 ) ) ;
#719 = EDGE_CURVE ( 'NONE', #1183, #2005, #695, .T. ) ;
#720 = DIRECTION ( 'NONE',  ( 1.182766006347823109E-16, -1.000000000000000000, 0.000000000000000000 ) ) ;
#721 = DIRECTION ( 'NONE',  ( 0.000000000000000000, -0.000000000000000000, 1.000000000000000000 ) ) ;
#722 = CARTESIAN_POINT ( 'NONE',  ( -12.50000000000001243, -56.00000000000000000, 1.600000000000000089 ) ) ;
#723 = SECURITY_CLASSIFICATION_LEVEL ( 'unclassified' ) ;
#724 = CARTESIAN_POINT ( 'NONE',  ( 38.00000000000000000, -59.99999999999999289, 5.999999999999998224 ) ) ;
#725 = LINE ( 'NONE', #1863, #269 ) ;
#726 = DIRECTION ( 'NONE',  ( 0.000000000000000000, 0.000000000000000000, 1.000000000000000000 ) ) ;
#727 = EDGE_LOOP ( 'NONE', ( #1275, #433, #1359, #1337 ) ) ;
#728 = VERTEX_POINT ( 'NONE', #1007 ) ;
#729 = DIRECTION ( 'NONE',  ( 1.000000000000000000, 0.000000000000000000, 0.000000000000000000 ) ) ;
#730 = DIRECTION ( 'NONE',  ( 1.000000000000000000, 1.182766006347823109E-16, 0.000000000000000000 ) ) ;
#731 = DIRECTION ( 'NONE',  ( -1.000000000000000000, 1.196361017915039732E-16, 0.000000000000000000 ) ) ;
#732 = EDGE_CURVE ( 'NONE', #413, #1716, #415, .T. ) ;
#733 = CARTESIAN_POINT ( 'NONE',  ( 0.000000000000000000, 0.000000000000000000, 11.50000000000000000 ) ) ;
#734 = CARTESIAN_POINT ( 'NONE',  ( 12.49999999999998934, -56.00000000000000000, 1.600000000000000089 ) ) ;
#735 = EDGE_CURVE ( 'NONE', #215, #1728, #251, .T. ) ;
#736 = ORIENTED_EDGE ( 'NONE', *, *, #885, .F. ) ;
#737 = VERTEX_POINT ( 'NONE', #1661 ) ;
#738 = VECTOR ( 'NONE', #368, 1000.000000000000000 ) ;
#739 = LINE ( 'NONE', #718, #451 ) ;
#740 = CARTESIAN_POINT ( 'NONE',  ( 84.00000000000001421, 56.00000000000000711, 0.000000000000000000 ) ) ;
#741 = CARTESIAN_POINT ( 'NONE',  ( -16.25000000000000355, -47.00000000000000000, 8.236067977499788029 ) ) ;
#742 = ORIENTED_EDGE ( 'NONE', *, *, #1742, .F. ) ;
#743 = EDGE_CURVE ( 'NONE', #924, #1231, #219, .T. ) ;
#744 = LINE ( 'NONE', #1366, #801 ) ;
#745 = LINE ( 'NONE', #102, #1425 ) ;
#746 = ORIENTED_EDGE ( 'NONE', *, *, #277, .F. ) ;
#747 = ORIENTED_EDGE ( 'NONE', *, *, #1796, .T. ) ;
#748 = ADVANCED_FACE ( 'NONE', ( #97 ), #229, .F. ) ;
#749 = CARTESIAN_POINT ( 'NONE',  ( -87.99999999999998579, -60.00000000000000711, 12.00000000000000000 ) ) ;
#750 = CIRCLE ( 'NONE', #20, 2.750000000000002665 ) ;
#751 = LINE ( 'NONE', #1743, #1107 ) ;
#752 = CARTESIAN_POINT ( 'NONE',  ( -26.24999999999999645, 2.999999999999981792, 1.600000000000000089 ) ) ;
#753 = ORIENTED_EDGE ( 'NONE', *, *, #358, .F. ) ;
#754 = CARTESIAN_POINT ( 'NONE',  ( 39.83012569102495348, 2.999999999999981792, 12.00000000000000000 ) ) ;
#755 = ORIENTED_EDGE ( 'NONE', *, *, #950, .T. ) ;
#756 = ORIENTED_EDGE ( 'NONE', *, *, #1336, .F. ) ;
#757 = DIRECTION ( 'NONE',  ( -1.000000000000000000, 0.000000000000000000, 0.000000000000000000 ) ) ;
#758 = PLANE ( 'NONE',  #780 ) ;
#759 = CARTESIAN_POINT ( 'NONE',  ( -74.74999999999998579, -60.00000000000000711, 5.999999999999998224 ) ) ;
#760 = CARTESIAN_POINT ( 'NONE',  ( -16.25000000000000355, -53.00000000000002132, 12.00000000000000000 ) ) ;
#761 = EDGE_LOOP ( 'NONE', ( #944, #1885, #1471, #1256 ) ) ;
#762 = ORIENTED_EDGE ( 'NONE', *, *, #1193, .T. ) ;
#763 = AXIS2_PLACEMENT_3D ( 'NONE', #406, #1537, #2013 ) ;
#764 = VERTEX_POINT ( 'NONE', #1903 ) ;
#765 = CARTESIAN_POINT ( 'NONE',  ( -15.99999999999997868, -53.00000000000002132, 6.000000000000000000 ) ) ;
#766 = EDGE_CURVE ( 'NONE', #402, #1909, #594, .T. ) ;
#767 = VECTOR ( 'NONE', #805, 1000.000000000000000 ) ;
#768 = CARTESIAN_POINT ( 'NONE',  ( -87.99999999999997158, 55.99999999999997868, 12.00000000000000000 ) ) ;
#769 = CARTESIAN_POINT ( 'NONE',  ( 16.25000000000000355, -7.000000000000017764, 10.40000000000000036 ) ) ;
#770 = ORIENTED_EDGE ( 'NONE', *, *, #9, .T. ) ;
#771 = VERTEX_POINT ( 'NONE', #752 ) ;
#772 = ORIENTED_EDGE ( 'NONE', *, *, #1017, .F. ) ;
#773 = ORIENTED_EDGE ( 'NONE', *, *, #673, .T. ) ;
#774 = DIRECTION ( 'NONE',  ( 1.182766006347823109E-16, -1.000000000000000000, 0.000000000000000000 ) ) ;
#775 = EDGE_CURVE ( 'NONE', #1711, #713, #1527, .T. ) ;
#776 = VECTOR ( 'NONE', #508, 1000.000000000000000 ) ;
#777 = DIRECTION ( 'NONE',  ( 1.182766006347823109E-16, -1.000000000000000000, 0.000000000000000000 ) ) ;
#778 = DIRECTION ( 'NONE',  ( 1.182766006347823109E-16, -1.000000000000000000, 0.000000000000000000 ) ) ;
#779 = CARTESIAN_POINT ( 'NONE',  ( 16.24999999999999645, -47.00000000000000000, 3.763932022500207975 ) ) ;
#780 = AXIS2_PLACEMENT_3D ( 'NONE', #1075, #1730, #279 ) ;
#781 = VECTOR ( 'NONE', #139, 1000.000000000000000 ) ;
#782 = DIRECTION ( 'NONE',  ( -1.182766006347823109E-16, 1.000000000000000000, 0.000000000000000000 ) ) ;
#783 = DIRECTION ( 'NONE',  ( 1.000000000000000000, 0.000000000000000000, 0.000000000000000000 ) ) ;
#784 = ORIENTED_EDGE ( 'NONE', *, *, #991, .F. ) ;
#785 = ORIENTED_EDGE ( 'NONE', *, *, #168, .F. ) ;
#786 = EDGE_LOOP ( 'NONE', ( #526, #1098 ) ) ;
#787 = CARTESIAN_POINT ( 'NONE',  ( -39.83012569102495348, 0.000000000000000000, 10.40000000000000036 ) ) ;
#788 = CARTESIAN_POINT ( 'NONE',  ( 16.00000000000002132, -47.00000000000000000, 3.750000000000000000 ) ) ;
#789 = DIRECTION ( 'NONE',  ( 1.182766006347823109E-16, -1.000000000000000000, -0.000000000000000000 ) ) ;
#790 = FACE_OUTER_BOUND ( 'NONE', #58, .T. ) ;
#791 = EDGE_CURVE ( 'NONE', #1716, #1899, #515, .T. ) ;
#792 = VERTEX_POINT ( 'NONE', #305 ) ;
#793 = ORIENTED_EDGE ( 'NONE', *, *, #1814, .T. ) ;
#794 = EDGE_CURVE ( 'NONE', #892, #1913, #1387, .T. ) ;
#795 = DIRECTION ( 'NONE',  ( -1.000000000000000000, 0.000000000000000000, 0.000000000000000000 ) ) ;
#796 = DIRECTION ( 'NONE',  ( -0.000000000000000000, -0.000000000000000000, -1.000000000000000000 ) ) ;
#797 = VECTOR ( 'NONE', #1849, 1000.000000000000000 ) ;
#798 = DIRECTION ( 'NONE',  ( -0.000000000000000000, -0.000000000000000000, 1.000000000000000000 ) ) ;
#799 = DIRECTION ( 'NONE',  ( 1.182766006347823109E-16, -1.000000000000000000, 0.000000000000000000 ) ) ;
#800 = DIRECTION ( 'NONE',  ( 1.000000000000000000, 0.000000000000000000, 0.000000000000000000 ) ) ;
#801 = VECTOR ( 'NONE', #554, 1000.000000000000000 ) ;
#802 = ORIENTED_EDGE ( 'NONE', *, *, #457, .T. ) ;
#803 = VERTEX_POINT ( 'NONE', #769 ) ;
#804 = CARTESIAN_POINT ( 'NONE',  ( 88.00000000000002842, 60.00000000000001421, 12.00000000000000000 ) ) ;
#805 = DIRECTION ( 'NONE',  ( 1.182766006347823109E-16, -1.000000000000000000, -0.000000000000000000 ) ) ;
#806 = AXIS2_PLACEMENT_3D ( 'NONE', #765, #1890, #137 ) ;
#807 = CYLINDRICAL_SURFACE ( 'NONE', #34, 2.750000000000002665 ) ;
#808 = LINE ( 'NONE', #1153, #917 ) ;
#809 = AXIS2_PLACEMENT_3D ( 'NONE', #661, #1308, #1606 ) ;
#810 = DIRECTION ( 'NONE',  ( 1.000000000000000000, 0.000000000000000000, 0.000000000000000000 ) ) ;
#811 = ORIENTED_EDGE ( 'NONE', *, *, #861, .T. ) ;
#812 = DIRECTION ( 'NONE',  ( 1.577021341797097560E-16, -1.000000000000000000, 0.000000000000000000 ) ) ;
#813 = DIRECTION ( 'NONE',  ( -0.000000000000000000, 0.000000000000000000, 1.000000000000000000 ) ) ;
#814 = EDGE_CURVE ( 'NONE', #1382, #1469, #1227, .T. ) ;
#815 = CARTESIAN_POINT ( 'NONE',  ( -85.49999999999998579, -56.00000000000000000, 11.50000000000000000 ) ) ;
#816 = CARTESIAN_POINT ( 'NONE',  ( -85.49999999999998579, 56.00000000000000000, 10.40000000000000036 ) ) ;
#817 = ORIENTED_EDGE ( 'NONE', *, *, #1178, .T. ) ;
#818 = LINE ( 'NONE', #543, #122 ) ;
#819 = ORIENTED_EDGE ( 'NONE', *, *, #1579, .T. ) ;
#820 = EDGE_CURVE ( 'NONE', #1518, #1483, #1596, .T. ) ;
#821 = LINE ( 'NONE', #875, #1622 ) ;
#822 = ORIENTED_EDGE ( 'NONE', *, *, #1620, .F. ) ;
#823 = EDGE_CURVE ( 'NONE', #1395, #764, #624, .T. ) ;
#824 = CARTESIAN_POINT ( 'NONE',  ( 86.69999999999998863, -58.00000000000001421, 0.5000000000000000000 ) ) ;
#825 = CARTESIAN_POINT ( 'NONE',  ( 88.00000000000002842, 56.00000000000000711, 0.000000000000000000 ) ) ;
#826 = AXIS2_PLACEMENT_3D ( 'NONE', #1211, #1696, #1984 ) ;
#827 = AXIS2_PLACEMENT_3D ( 'NONE', #1441, #919, #461 ) ;
#828 = CARTESIAN_POINT ( 'NONE',  ( 38.00000000000000000, -54.49999999999999289, 5.999999999999998224 ) ) ;
#829 = VERTEX_POINT ( 'NONE', #1757 ) ;
#830 = VECTOR ( 'NONE', #1191, 1000.000000000000000 ) ;
#831 = CARTESIAN_POINT ( 'NONE',  ( 88.00000000000004263, -59.99999999999998579, 12.00000000000000000 ) ) ;
#832 = ORIENTED_EDGE ( 'NONE', *, *, #1993, .F. ) ;
#833 = DIRECTION ( 'NONE',  ( 0.000000000000000000, 0.000000000000000000, -1.000000000000000000 ) ) ;
#834 = DIRECTION ( 'NONE',  ( 1.182766006347823109E-16, -1.000000000000000000, 0.000000000000000000 ) ) ;
#835 = EDGE_LOOP ( 'NONE', ( #1080, #302, #1801, #1195 ) ) ;
#836 = EDGE_CURVE ( 'NONE', #1513, #1231, #319, .T. ) ;
#837 = PLANE ( 'NONE',  #174 ) ;
#838 = DIRECTION ( 'NONE',  ( -0.000000000000000000, -0.000000000000000000, -1.000000000000000000 ) ) ;
#839 = LINE ( 'NONE', #57, #1722 ) ;
#840 = VECTOR ( 'NONE', #1901, 1000.000000000000000 ) ;
#841 = PERSON_AND_ORGANIZATION ( #1056, #1247 ) ;
#842 = VECTOR ( 'NONE', #1232, 1000.000000000000000 ) ;
#843 = EDGE_CURVE ( 'NONE', #1905, #1740, #118, .T. ) ;
#844 = EDGE_LOOP ( 'NONE', ( #616, #705, #1171, #1267 ) ) ;
#845 = AXIS2_PLACEMENT_3D ( 'NONE', #1511, #1534, #1709 ) ;
#846 = LINE ( 'NONE', #1914, #1142 ) ;
#847 = CARTESIAN_POINT ( 'NONE',  ( 38.00000000000000000, -54.49999999999999289, 5.999999999999998224 ) ) ;
#848 = DIRECTION ( 'NONE',  ( 0.000000000000000000, -1.000000000000000000, 0.000000000000000000 ) ) ;
#849 = PLANE ( 'NONE',  #1749 ) ;
#850 = DIRECTION ( 'NONE',  ( 6.938893903907232322E-16, 1.000000000000000000, 0.000000000000000000 ) ) ;
#851 = FACE_BOUND ( 'NONE', #992, .T. ) ;
#852 = DESIGN_CONTEXT ( 'detailed design', #2039, 'design' ) ;
#853 = PERSON_AND_ORGANIZATION ( #1056, #1247 ) ;
#854 = LINE ( 'NONE', #698, #1816 ) ;
#855 = LINE ( 'NONE', #701, #1454 ) ;
#856 = ORIENTED_EDGE ( 'NONE', *, *, #1292, .F. ) ;
#857 = EDGE_LOOP ( 'NONE', ( #94, #1609, #1101, #1207, #1039, #300 ) ) ;
#858 = ADVANCED_FACE ( 'NONE', ( #450 ), #2045, .T. ) ;
#859 = CARTESIAN_POINT ( 'NONE',  ( 16.25000000000000355, 2.999999999999981792, 12.00000000000000000 ) ) ;
#860 = ORIENTED_EDGE ( 'NONE', *, *, #1954, .F. ) ;
#861 = EDGE_CURVE ( 'NONE', #913, #447, #49, .T. ) ;
#862 = CARTESIAN_POINT ( 'NONE',  ( -85.49999999999998579, 56.00000000000000000, 11.50000000000000000 ) ) ;
#863 = DIRECTION ( 'NONE',  ( 0.000000000000000000, 0.000000000000000000, -1.000000000000000000 ) ) ;
#864 = DIRECTION ( 'NONE',  ( -2.478176394252581634E-16, -1.000000000000000000, 0.000000000000000000 ) ) ;
#865 = ORIENTED_EDGE ( 'NONE', *, *, #1964, .F. ) ;
#866 = AXIS2_PLACEMENT_3D ( 'NONE', #648, #493, #1637 ) ;
#867 = APPROVAL_DATE_TIME ( #523, #665 ) ;
#868 = DIRECTION ( 'NONE',  ( -1.000000000000000000, 0.000000000000000000, 0.000000000000000000 ) ) ;
#869 = VECTOR ( 'NONE', #877, 1000.000000000000000 ) ;
#870 = EDGE_CURVE ( 'NONE', #1280, #1402, #1428, .T. ) ;
#871 = VECTOR ( 'NONE', #947, 1000.000000000000000 ) ;
#872 = ORIENTED_EDGE ( 'NONE', *, *, #1322, .T. ) ;
#873 = ORIENTED_EDGE ( 'NONE', *, *, #517, .F. ) ;
#874 = EDGE_CURVE ( 'NONE', #1546, #1304, #936, .T. ) ;
#875 = CARTESIAN_POINT ( 'NONE',  ( 86.69999999999997442, 58.00000000000001421, 11.50000000000000000 ) ) ;
#876 = VERTEX_POINT ( 'NONE', #1542 ) ;
#877 = DIRECTION ( 'NONE',  ( -0.000000000000000000, -0.000000000000000000, -1.000000000000000000 ) ) ;
#878 = CARTESIAN_POINT ( 'NONE',  ( 39.83012569102496059, 40.99999999999997868, 1.600000000000000089 ) ) ;
#879 = FACE_OUTER_BOUND ( 'NONE', #1369, .T. ) ;
#880 = CARTESIAN_POINT ( 'NONE',  ( -87.99999999999997158, 59.99999999999998579, 12.00000000000000000 ) ) ;
#881 = VECTOR ( 'NONE', #469, 1000.000000000000000 ) ;
#882 = LINE ( 'NONE', #1704, #51 ) ;
#883 = ORIENTED_EDGE ( 'NONE', *, *, #1309, .F. ) ;
#884 = EDGE_LOOP ( 'NONE', ( #945, #1354, #1819, #2043 ) ) ;
#885 = EDGE_CURVE ( 'NONE', #764, #876, #582, .T. ) ;
#886 = CARTESIAN_POINT ( 'NONE',  ( -71.99999999999998579, -60.00000000000000711, 5.999999999999998224 ) ) ;
#887 = CARTESIAN_POINT ( 'NONE',  ( 86.69999999999998863, -58.00000000000001421, 0.000000000000000000 ) ) ;
#888 = ORIENTED_EDGE ( 'NONE', *, *, #1121, .F. ) ;
#889 = EDGE_CURVE ( 'NONE', #920, #2008, #1882, .T. ) ;
#890 = LINE ( 'NONE', #1989, #1934 ) ;
#891 = FACE_BOUND ( 'NONE', #1888, .T. ) ;
#892 = VERTEX_POINT ( 'NONE', #2031 ) ;
#893 = ORIENTED_EDGE ( 'NONE', *, *, #641, .F. ) ;
#894 = EDGE_CURVE ( 'NONE', #1469, #1445, #17, .T. ) ;
#895 = DIRECTION ( 'NONE',  ( 1.000000000000000000, 0.000000000000000000, 0.000000000000000000 ) ) ;
#896 = FACE_OUTER_BOUND ( 'NONE', #923, .T. ) ;
#897 = DIRECTION ( 'NONE',  ( 1.000000000000000000, 0.000000000000000000, 0.000000000000000000 ) ) ;
#898 = EDGE_LOOP ( 'NONE', ( #639, #2034, #971, #86 ) ) ;
#899 = DIRECTION ( 'NONE',  ( -1.000000000000000000, 0.000000000000000000, 0.000000000000000000 ) ) ;
#900 = EDGE_CURVE ( 'NONE', #1475, #299, #1569, .T. ) ;
#901 = CARTESIAN_POINT ( 'NONE',  ( -38.00000000000000000, -60.00000000000000711, 5.999999999999998224 ) ) ;
#902 = AXIS2_PLACEMENT_3D ( 'NONE', #101, #1713, #1504 ) ;
#903 = ORIENTED_EDGE ( 'NONE', *, *, #444, .F. ) ;
#904 = VERTEX_POINT ( 'NONE', #2062 ) ;
#905 = VECTOR ( 'NONE', #1270, 1000.000000000000000 ) ;
#906 = LOCAL_TIME ( 14, 51, 54.00000000000000000, #363 ) ;
#907 = DIRECTION ( 'NONE',  ( -1.000000000000000000, 0.000000000000000000, 0.000000000000000000 ) ) ;
#908 = DIRECTION ( 'NONE',  ( 0.000000000000000000, 0.000000000000000000, -1.000000000000000000 ) ) ;
#909 = CARTESIAN_POINT ( 'NONE',  ( 72.00000000000001421, -54.49999999999999289, 5.999999999999998224 ) ) ;
#910 = CARTESIAN_POINT ( 'NONE',  ( -74.74999999999998579, -54.50000000000000711, 5.999999999999998224 ) ) ;
#911 = EDGE_CURVE ( 'NONE', #649, #1382, #280, .T. ) ;
#912 = ORIENTED_EDGE ( 'NONE', *, *, #1568, .F. ) ;
#913 = VERTEX_POINT ( 'NONE', #925 ) ;
#914 = VECTOR ( 'NONE', #1736, 1000.000000000000000 ) ;
#915 = VECTOR ( 'NONE', #1467, 1000.000000000000000 ) ;
#916 = CARTESIAN_POINT ( 'NONE',  ( 16.25000000000000355, 2.999999999999981792, 1.600000000000000089 ) ) ;
#917 = VECTOR ( 'NONE', #1811, 1000.000000000000000 ) ;
#918 = CARTESIAN_POINT ( 'NONE',  ( 39.83012569102495348, 2.999999999999981792, 10.40000000000000036 ) ) ;
#919 = DIRECTION ( 'NONE',  ( 0.000000000000000000, 0.000000000000000000, 1.000000000000000000 ) ) ;
#920 = VERTEX_POINT ( 'NONE', #601 ) ;
#921 = CARTESIAN_POINT ( 'NONE',  ( -87.99999999999998579, -60.00000000000000711, 12.00000000000000000 ) ) ;
#922 = CARTESIAN_POINT ( 'NONE',  ( 86.69999999999998863, -58.00000000000001421, 0.5000000000000000000 ) ) ;
#923 = EDGE_LOOP ( 'NONE', ( #2017, #1129, #1671, #1956 ) ) ;
#924 = VERTEX_POINT ( 'NONE', #591 ) ;
#925 = CARTESIAN_POINT ( 'NONE',  ( 35.25000000000000000, -54.49999999999999289, 5.999999999999998224 ) ) ;
#926 = CARTESIAN_POINT ( 'NONE',  ( -40.75000000000000000, -60.00000000000000711, 5.999999999999998224 ) ) ;
#927 = DIRECTION ( 'NONE',  ( 0.000000000000000000, -0.000000000000000000, -1.000000000000000000 ) ) ;
#928 = VERTEX_POINT ( 'NONE', #1385 ) ;
#929 = EDGE_CURVE ( 'NONE', #1909, #537, #1577, .T. ) ;
#930 = CARTESIAN_POINT ( 'NONE',  ( 16.24999999999999645, -47.00000000000000000, 8.236067977499793358 ) ) ;
#931 = EDGE_CURVE ( 'NONE', #1575, #1746, #435, .T. ) ;
#932 = ORIENTED_EDGE ( 'NONE', *, *, #1269, .T. ) ;
#933 = EDGE_LOOP ( 'NONE', ( #736, #400, #448, #1375 ) ) ;
#934 = APPROVAL_PERSON_ORGANIZATION ( #841, #1931, #1494 ) ;
#935 = ADVANCED_FACE ( 'NONE', ( #1094 ), #758, .F. ) ;
#936 = LINE ( 'NONE', #1918, #840 ) ;
#937 = VECTOR ( 'NONE', #171, 1000.000000000000000 ) ;
#938 = DIRECTION ( 'NONE',  ( 1.182766006347823109E-16, -1.000000000000000000, -0.000000000000000000 ) ) ;
#939 = CARTESIAN_POINT ( 'NONE',  ( 85.50000000000001421, 56.00000000000000000, 11.50000000000000000 ) ) ;
#940 = ORIENTED_EDGE ( 'NONE', *, *, #224, .T. ) ;
#941 = LOCAL_TIME ( 14, 51, 54.00000000000000000, #2002 ) ;
#942 = DIRECTION ( 'NONE',  ( 1.000000000000000000, 0.000000000000000000, 0.000000000000000000 ) ) ;
#943 = ORIENTED_EDGE ( 'NONE', *, *, #743, .T. ) ;
#944 = ORIENTED_EDGE ( 'NONE', *, *, #1054, .F. ) ;
#945 = ORIENTED_EDGE ( 'NONE', *, *, #1587, .T. ) ;
#946 = DIRECTION ( 'NONE',  ( -1.000000000000000000, 0.000000000000000000, 0.000000000000000000 ) ) ;
#947 = DIRECTION ( 'NONE',  ( 1.196361017915039486E-16, -1.000000000000000000, 0.000000000000000000 ) ) ;
#948 = CARTESIAN_POINT ( 'NONE',  ( -86.70000000000003126, 58.00000000000001421, 11.50000000000000000 ) ) ;
#949 = CARTESIAN_POINT ( 'NONE',  ( -12.49999999999999289, -51.00000000000000000, 10.40000000000000036 ) ) ;
#950 = EDGE_CURVE ( 'NONE', #1752, #379, #126, .T. ) ;
#951 = VECTOR ( 'NONE', #800, 1000.000000000000000 ) ;
#952 = CYLINDRICAL_SURFACE ( 'NONE', #285, 2.250000000000000444 ) ;
#953 = DIRECTION ( 'NONE',  ( 0.000000000000000000, 1.000000000000000000, -0.000000000000000000 ) ) ;
#954 = PRODUCT_DEFINITION ( '未知', '', #1820, #852 ) ;
#955 = ORIENTED_EDGE ( 'NONE', *, *, #1666, .T. ) ;
#956 = EDGE_LOOP ( 'NONE', ( #638, #1370, #432, #1916, #2048, #125, #1961, #195 ) ) ;
#957 = CARTESIAN_POINT ( 'NONE',  ( -12.49999999999999289, -55.99999999999999289, 9.899999999999998579 ) ) ;
#958 = FACE_OUTER_BOUND ( 'NONE', #192, .T. ) ;
#959 = DIRECTION ( 'NONE',  ( 1.196361017915039486E-16, 1.000000000000000000, -0.000000000000000000 ) ) ;
#960 = LINE ( 'NONE', #373, #2070 ) ;
#961 = EDGE_CURVE ( 'NONE', #1220, #536, #610, .T. ) ;
#962 = CARTESIAN_POINT ( 'NONE',  ( 39.83012569102496059, 40.99999999999997868, 12.00000000000000000 ) ) ;
#963 = ORIENTED_EDGE ( 'NONE', *, *, #692, .F. ) ;
#964 = CARTESIAN_POINT ( 'NONE',  ( 86.69999999999997442, 58.00000000000001421, 12.00000000000000000 ) ) ;
#965 = DIRECTION ( 'NONE',  ( -2.478176394252581634E-16, -1.000000000000000000, 0.000000000000000000 ) ) ;
#966 = VECTOR ( 'NONE', #509, 1000.000000000000000 ) ;
#967 = AXIS2_PLACEMENT_3D ( 'NONE', #1095, #1559, #460 ) ;
#968 = DIRECTION ( 'NONE',  ( 0.000000000000000000, -1.000000000000000000, 0.000000000000000000 ) ) ;
#969 = DIRECTION ( 'NONE',  ( 0.000000000000000000, -1.000000000000000000, 0.000000000000000000 ) ) ;
#970 = LINE ( 'NONE', #364, #1784 ) ;
#971 = ORIENTED_EDGE ( 'NONE', *, *, #719, .F. ) ;
#972 = ORIENTED_EDGE ( 'NONE', *, *, #626, .F. ) ;
#973 = PLANE ( 'NONE',  #1010 ) ;
#974 = CARTESIAN_POINT ( 'NONE',  ( 26.25000000000000355, -7.000000000000018652, 10.40000000000000036 ) ) ;
#975 = CARTESIAN_POINT ( 'NONE',  ( 16.00000000000002132, -47.00000000000000000, 6.000000000000000000 ) ) ;
#976 = CARTESIAN_POINT ( 'NONE',  ( 88.00000000000002842, 56.00000000000000711, 12.00000000000000000 ) ) ;
#977 = AXIS2_PLACEMENT_3D ( 'NONE', #1501, #1020, #721 ) ;
#978 = LINE ( 'NONE', #689, #502 ) ;
#979 = ORIENTED_EDGE ( 'NONE', *, *, #1182, .F. ) ;
#980 = EDGE_CURVE ( 'NONE', #447, #545, #1028, .T. ) ;
#981 = ORIENTED_EDGE ( 'NONE', *, *, #794, .T. ) ;
#982 = DIRECTION ( 'NONE',  ( 1.239088197126290817E-16, 1.000000000000000000, 0.000000000000000000 ) ) ;
#983 = CARTESIAN_POINT ( 'NONE',  ( -40.75000000000000000, -54.50000000000000711, 5.999999999999998224 ) ) ;
#984 = PLANE ( 'NONE',  #1342 ) ;
#985 = FACE_OUTER_BOUND ( 'NONE', #1324, .T. ) ;
#986 = DIRECTION ( 'NONE',  ( -0.000000000000000000, 1.000000000000000000, 0.000000000000000000 ) ) ;
#987 = DIRECTION ( 'NONE',  ( 1.000000000000000000, 0.000000000000000000, 0.000000000000000000 ) ) ;
#988 = CALENDAR_DATE ( 2026, 4, 6 ) ;
#989 = PLANE ( 'NONE',  #866 ) ;
#990 = LINE ( 'NONE', #1653, #1873 ) ;
#991 = EDGE_CURVE ( 'NONE', #1728, #215, #1662, .T. ) ;
#992 = EDGE_LOOP ( 'NONE', ( #449, #888, #1091, #1938 ) ) ;
#993 = CARTESIAN_POINT ( 'NONE',  ( -16.25000000000000355, -53.00000000000002132, 8.236067977499788029 ) ) ;
#994 = EDGE_LOOP ( 'NONE', ( #2073, #903 ) ) ;
#995 = EDGE_CURVE ( 'NONE', #402, #85, #1652, .T. ) ;
#996 = DIRECTION ( 'NONE',  ( 1.000000000000000000, 0.000000000000000000, 0.000000000000000000 ) ) ;
#997 = CARTESIAN_POINT ( 'NONE',  ( 84.00000000000001421, 60.00000000000001421, 0.000000000000000000 ) ) ;
#998 = EDGE_LOOP ( 'NONE', ( #121, #1576, #1815, #313 ) ) ;
#999 = CIRCLE ( 'NONE', #1377, 2.250000000000001776 ) ;
#1000 = AXIS2_PLACEMENT_3D ( 'NONE', #1409, #1260, #604 ) ;
#1001 = CARTESIAN_POINT ( 'NONE',  ( -86.70000000000000284, -58.00000000000001421, 0.000000000000000000 ) ) ;
#1002 = PLANE ( 'NONE',  #1830 ) ;
#1003 = ORIENTED_EDGE ( 'NONE', *, *, #1597, .F. ) ;
#1004 = DIRECTION ( 'NONE',  ( 0.000000000000000000, -0.000000000000000000, -1.000000000000000000 ) ) ;
#1005 = ORIENTED_EDGE ( 'NONE', *, *, #1597, .T. ) ;
#1006 = CARTESIAN_POINT ( 'NONE',  ( 0.000000000000000000, 0.000000000000000000, 10.40000000000000036 ) ) ;
#1007 = CARTESIAN_POINT ( 'NONE',  ( -16.25000000000000355, -53.00000000000002132, 1.600000000000000089 ) ) ;
#1008 = DIRECTION ( 'NONE',  ( 1.182766006347823109E-16, -1.000000000000000000, 0.000000000000000000 ) ) ;
#1009 = APPROVAL_ROLE ( '' ) ;
#1010 = AXIS2_PLACEMENT_3D ( 'NONE', #804, #812, #1455 ) ;
#1011 = DIRECTION ( 'NONE',  ( 1.000000000000000000, 0.000000000000000000, 0.000000000000000000 ) ) ;
#1012 = EDGE_CURVE ( 'NONE', #326, #1518, #183, .T. ) ;
#1013 = DIRECTION ( 'NONE',  ( 1.182766006347823109E-16, -1.000000000000000000, 0.000000000000000000 ) ) ;
#1014 = AXIS2_PLACEMENT_3D ( 'NONE', #654, #1452, #1458 ) ;
#1015 = ORIENTED_EDGE ( 'NONE', *, *, #794, .F. ) ;
#1016 = VERTEX_POINT ( 'NONE', #1155 ) ;
#1017 = EDGE_CURVE ( 'NONE', #1268, #1016, #1332, .T. ) ;
#1018 = EDGE_LOOP ( 'NONE', ( #1485, #1449, #522, #1880, #250, #1071, #410, #27 ) ) ;
#1019 = DIRECTION ( 'NONE',  ( -0.000000000000000000, 0.000000000000000000, -1.000000000000000000 ) ) ;
#1020 = DIRECTION ( 'NONE',  ( -0.000000000000000000, 1.000000000000000000, 0.000000000000000000 ) ) ;
#1021 = CARTESIAN_POINT ( 'NONE',  ( 85.50000000000001421, -56.00000000000000711, 1.600000000000000089 ) ) ;
#1022 = EDGE_CURVE ( 'NONE', #338, #1905, #1686, .T. ) ;
#1023 = ORIENTED_EDGE ( 'NONE', *, *, #900, .T. ) ;
#1024 = CALENDAR_DATE ( 2026, 4, 6 ) ;
#1025 = CARTESIAN_POINT ( 'NONE',  ( -86.70000000000000284, -58.00000000000001421, 0.5000000000000000000 ) ) ;
#1026 = ADVANCED_FACE ( 'NONE', ( #1495 ), #664, .F. ) ;
#1027 = PLANE ( 'NONE',  #237 ) ;
#1028 = LINE ( 'NONE', #1564, #678 ) ;
#1029 = VERTEX_POINT ( 'NONE', #504 ) ;
#1030 = ORIENTED_EDGE ( 'NONE', *, *, #457, .F. ) ;
#1031 = VERTEX_POINT ( 'NONE', #1001 ) ;
#1032 = CARTESIAN_POINT ( 'NONE',  ( -71.99999999999998579, -54.50000000000000711, 5.999999999999998224 ) ) ;
#1033 = DIRECTION ( 'NONE',  ( -0.000000000000000000, -0.000000000000000000, 1.000000000000000000 ) ) ;
#1034 = PERSON_AND_ORGANIZATION_ROLE ( 'creator' ) ;
#1035 = DIRECTION ( 'NONE',  ( 1.000000000000000000, 0.000000000000000000, 0.000000000000000000 ) ) ;
#1036 = CIRCLE ( 'NONE', #411, 2.250000000000000444 ) ;
#1037 = AXIS2_PLACEMENT_3D ( 'NONE', #1465, #1440, #187 ) ;
#1038 = DIRECTION ( 'NONE',  ( 1.000000000000000000, 0.000000000000000000, 0.000000000000000000 ) ) ;
#1039 = ORIENTED_EDGE ( 'NONE', *, *, #384, .F. ) ;
#1040 = APPROVAL_PERSON_ORGANIZATION ( #1840, #665, #1503 ) ;
#1041 = ORIENTED_EDGE ( 'NONE', *, *, #1983, .F. ) ;
#1042 = EDGE_CURVE ( 'NONE', #728, #1813, #978, .T. ) ;
#1043 = PLANE ( 'NONE',  #712 ) ;
#1044 = CARTESIAN_POINT ( 'NONE',  ( -83.99999999999995737, 59.99999999999998579, 12.00000000000000000 ) ) ;
#1045 = DIRECTION ( 'NONE',  ( 1.182766006347823109E-16, -1.000000000000000000, -0.000000000000000000 ) ) ;
#1046 = LINE ( 'NONE', #1025, #830 ) ;
#1047 = CLOSED_SHELL ( 'NONE', ( #1482, #1496, #132, #90, #1724, #1690, #238, #1083, #380, #1850, #1325, #418, #1618, #1374, #1548, #1250, #2067, #495, #1278, #152, #2038, #1865, #1459, #96, #1065, #194, #1478, #1657, #711, #1203, #748, #1109, #482, #1948, #31, #1519, #935, #858, #1026, #72, #2046, #687, #156, #1641, #592, #367, #1940, #263, #1089, #1615, #1102, #478, #1998, #249, #1404, #1633, #1, #13, #321, #1434, #514, #336, #1719, #1287 ) ) ;
#1048 = DIRECTION ( 'NONE',  ( -0.000000000000000000, -0.000000000000000000, -1.000000000000000000 ) ) ;
#1049 = LINE ( 'NONE', #576, #324 ) ;
#1050 = EDGE_CURVE ( 'NONE', #1483, #2050, #1243, .T. ) ;
#1051 = ORIENTED_EDGE ( 'NONE', *, *, #9, .F. ) ;
#1052 = ORIENTED_EDGE ( 'NONE', *, *, #580, .F. ) ;
#1053 = VECTOR ( 'NONE', #1920, 1000.000000000000000 ) ;
#1054 = EDGE_CURVE ( 'NONE', #1220, #1716, #60, .T. ) ;
#1055 = FACE_OUTER_BOUND ( 'NONE', #727, .T. ) ;
#1056 = PERSON ( '未指定', '未指定', '未指定', ('未指定'), ('未指定'), ('未指定') ) ;
#1057 = DIRECTION ( 'NONE',  ( 1.000000000000000000, 1.182766006347823109E-16, 0.000000000000000000 ) ) ;
#1058 = DIRECTION ( 'NONE',  ( 1.826024711554533913E-16, 1.000000000000000000, 0.000000000000000000 ) ) ;
#1059 = DIRECTION ( 'NONE',  ( 1.182766006347823109E-16, -1.000000000000000000, 0.000000000000000000 ) ) ;
#1060 = ORIENTED_EDGE ( 'NONE', *, *, #1853, .T. ) ;
#1061 = DIRECTION ( 'NONE',  ( 1.000000000000000000, 0.000000000000000000, 0.000000000000000000 ) ) ;
#1062 = CARTESIAN_POINT ( 'NONE',  ( -87.99999999999998579, -60.00000000000000711, 12.00000000000000000 ) ) ;
#1063 = ORIENTED_EDGE ( 'NONE', *, *, #1121, .T. ) ;
#1064 = ORIENTED_EDGE ( 'NONE', *, *, #995, .T. ) ;
#1065 = ADVANCED_FACE ( 'NONE', ( #1128 ), #1627, .F. ) ;
#1066 = CYLINDRICAL_SURFACE ( 'NONE', #1595, 4.000000000000003553 ) ;
#1067 = LINE ( 'NONE', #1720, #1073 ) ;
#1068 = ORIENTED_EDGE ( 'NONE', *, *, #1054, .T. ) ;
#1069 = EDGE_CURVE ( 'NONE', #1436, #401, #970, .T. ) ;
#1070 = VECTOR ( 'NONE', #1529, 1000.000000000000000 ) ;
#1071 = ORIENTED_EDGE ( 'NONE', *, *, #2015, .F. ) ;
#1072 = VERTEX_POINT ( 'NONE', #346 ) ;
#1073 = VECTOR ( 'NONE', #1140, 1000.000000000000000 ) ;
#1074 = DIRECTION ( 'NONE',  ( 0.000000000000000000, 0.000000000000000000, -1.000000000000000000 ) ) ;
#1075 = CARTESIAN_POINT ( 'NONE',  ( 12.49999999999998934, -51.00000000000000711, 2.100000000000000089 ) ) ;
#1076 = CARTESIAN_POINT ( 'NONE',  ( -86.70000000000003126, 58.00000000000001421, 11.50000000000000000 ) ) ;
#1077 = CARTESIAN_POINT ( 'NONE',  ( 85.50000000000001421, -56.00000000000000711, 1.600000000000000089 ) ) ;
#1078 = ORIENTED_EDGE ( 'NONE', *, *, #1466, .F. ) ;
#1079 = ORIENTED_EDGE ( 'NONE', *, *, #1403, .T. ) ;
#1080 = ORIENTED_EDGE ( 'NONE', *, *, #843, .F. ) ;
#1081 = VECTOR ( 'NONE', #651, 1000.000000000000000 ) ;
#1082 = CIRCLE ( 'NONE', #845, 2.250000000000000444 ) ;
#1083 = ADVANCED_FACE ( 'NONE', ( #33 ), #989, .F. ) ;
#1084 = FACE_OUTER_BOUND ( 'NONE', #998, .T. ) ;
#1085 = CARTESIAN_POINT ( 'NONE',  ( 38.00000000000000000, -54.49999999999999289, 5.999999999999998224 ) ) ;
#1086 = DIRECTION ( 'NONE',  ( 1.000000000000000000, 0.000000000000000000, 0.000000000000000000 ) ) ;
#1087 = PLANE ( 'NONE',  #1753 ) ;
#1088 = ORIENTED_EDGE ( 'NONE', *, *, #577, .F. ) ;
#1089 = ADVANCED_FACE ( 'NONE', ( #1773 ), #199, .T. ) ;
#1090 = EDGE_CURVE ( 'NONE', #1383, #1857, #337, .T. ) ;
#1091 = ORIENTED_EDGE ( 'NONE', *, *, #673, .F. ) ;
#1092 = EDGE_LOOP ( 'NONE', ( #893, #1887, #1829, #1517 ) ) ;
#1093 = VERTEX_POINT ( 'NONE', #1783 ) ;
#1094 = FACE_OUTER_BOUND ( 'NONE', #428, .T. ) ;
#1095 = CARTESIAN_POINT ( 'NONE',  ( -71.99999999999998579, -54.50000000000000711, 5.999999999999998224 ) ) ;
#1096 = DIRECTION ( 'NONE',  ( -1.000000000000000000, 0.000000000000000000, 0.000000000000000000 ) ) ;
#1097 = FACE_OUTER_BOUND ( 'NONE', #622, .T. ) ;
#1098 = ORIENTED_EDGE ( 'NONE', *, *, #1802, .T. ) ;
#1099 = DIRECTION ( 'NONE',  ( 1.000000000000000000, 0.000000000000000000, -0.000000000000000000 ) ) ;
#1100 = ORIENTED_EDGE ( 'NONE', *, *, #874, .F. ) ;
#1101 = ORIENTED_EDGE ( 'NONE', *, *, #353, .F. ) ;
#1102 = ADVANCED_FACE ( 'NONE', ( #1181 ), #1841, .T. ) ;
#1103 = VECTOR ( 'NONE', #2019, 1000.000000000000000 ) ;
#1104 = ORIENTED_EDGE ( 'NONE', *, *, #1305, .F. ) ;
#1105 = DIRECTION ( 'NONE',  ( 1.000000000000000000, 0.000000000000000000, 0.000000000000000000 ) ) ;
#1106 = LINE ( 'NONE', #1613, #1524 ) ;
#1107 = VECTOR ( 'NONE', #584, 1000.000000000000000 ) ;
#1108 = CARTESIAN_POINT ( 'NONE',  ( 85.50000000000002842, 55.99999999999999289, 1.600000000000000089 ) ) ;
#1109 = ADVANCED_FACE ( 'NONE', ( #1862 ), #417, .F. ) ;
#1110 = DIRECTION ( 'NONE',  ( 1.182766006347823109E-16, -1.000000000000000000, -0.000000000000000000 ) ) ;
#1111 = FACE_OUTER_BOUND ( 'NONE', #2061, .T. ) ;
#1112 = ORIENTED_EDGE ( 'NONE', *, *, #1694, .T. ) ;
#1113 = ORIENTED_EDGE ( 'NONE', *, *, #329, .T. ) ;
#1114 = EDGE_CURVE ( 'NONE', #84, #1740, #378, .T. ) ;
#1115 = ORIENTED_EDGE ( 'NONE', *, *, #1407, .T. ) ;
#1116 = VECTOR ( 'NONE', #1196, 1000.000000000000000 ) ;
#1117 = DIRECTION ( 'NONE',  ( -0.000000000000000000, -0.000000000000000000, -1.000000000000000000 ) ) ;
#1118 = VECTOR ( 'NONE', #702, 1000.000000000000000 ) ;
#1119 = VECTOR ( 'NONE', #1771, 1000.000000000000000 ) ;
#1120 = PRODUCT ( '\X2\75355b505ea7724c\X0\', '\X2\75355b505ea7724c\X0\', '', ( #1812 ) ) ;
#1121 = EDGE_CURVE ( 'NONE', #1628, #792, #744, .T. ) ;
#1122 = FACE_OUTER_BOUND ( 'NONE', #1350, .T. ) ;
#1123 = CARTESIAN_POINT ( 'NONE',  ( 86.69999999999997442, 58.00000000000001421, 11.50000000000000000 ) ) ;
#1124 = CARTESIAN_POINT ( 'NONE',  ( 88.00000000000002842, 60.00000000000001421, 12.00000000000000000 ) ) ;
#1125 = ORIENTED_EDGE ( 'NONE', *, *, #1600, .T. ) ;
#1126 = PLANE ( 'NONE',  #1582 ) ;
#1127 = DIRECTION ( 'NONE',  ( 1.000000000000000000, 0.000000000000000000, 0.000000000000000000 ) ) ;
#1128 = FACE_OUTER_BOUND ( 'NONE', #1230, .T. ) ;
#1129 = ORIENTED_EDGE ( 'NONE', *, *, #1776, .F. ) ;
#1130 = CIRCLE ( 'NONE', #1924, 2.750000000000002665 ) ;
#1131 = DIRECTION ( 'NONE',  ( 1.000000000000000000, 1.182766006347823109E-16, 0.000000000000000000 ) ) ;
#1132 = VECTOR ( 'NONE', #652, 1000.000000000000000 ) ;
#1133 = CARTESIAN_POINT ( 'NONE',  ( 85.50000000000001421, -56.00000000000000711, 0.5000000000000000000 ) ) ;
#1134 = FACE_OUTER_BOUND ( 'NONE', #1509, .T. ) ;
#1135 = EDGE_CURVE ( 'NONE', #2, #1031, #1046, .T. ) ;
#1136 = DIRECTION ( 'NONE',  ( 1.182766006347823109E-16, -1.000000000000000000, 0.000000000000000000 ) ) ;
#1137 = ORIENTED_EDGE ( 'NONE', *, *, #619, .T. ) ;
#1138 = VERTEX_POINT ( 'NONE', #112 ) ;
#1139 = DIRECTION ( 'NONE',  ( -1.000000000000000000, 0.000000000000000000, -0.000000000000000000 ) ) ;
#1140 = DIRECTION ( 'NONE',  ( 1.182766006347823109E-16, -1.000000000000000000, 0.000000000000000000 ) ) ;
#1141 = PLANE ( 'NONE',  #1257 ) ;
#1142 = VECTOR ( 'NONE', #7, 1000.000000000000000 ) ;
#1143 = FACE_OUTER_BOUND ( 'NONE', #1727, .T. ) ;
#1144 = AXIS2_PLACEMENT_3D ( 'NONE', #341, #644, #1941 ) ;
#1145 = DATE_TIME_ROLE ( 'creation_date' ) ;
#1146 = DIRECTION ( 'NONE',  ( 0.000000000000000000, -1.000000000000000000, 0.000000000000000000 ) ) ;
#1147 = ORIENTED_EDGE ( 'NONE', *, *, #500, .F. ) ;
#1148 = LINE ( 'NONE', #1642, #1957 ) ;
#1149 = CARTESIAN_POINT ( 'NONE',  ( -71.99999999999998579, -54.50000000000000711, 5.999999999999998224 ) ) ;
#1150 = DIRECTION ( 'NONE',  ( -1.000000000000000000, -1.577021341797097560E-16, 0.000000000000000000 ) ) ;
#1151 = VERTEX_POINT ( 'NONE', #386 ) ;
#1152 = CARTESIAN_POINT ( 'NONE',  ( -86.70000000000003126, 58.00000000000001421, 11.50000000000000000 ) ) ;
#1153 = CARTESIAN_POINT ( 'NONE',  ( 0.000000000000000000, 2.999999999999981792, 10.40000000000000036 ) ) ;
#1154 = APPROVAL_STATUS ( 'not_yet_approved' ) ;
#1155 = CARTESIAN_POINT ( 'NONE',  ( 16.24999999999999645, -47.00000000000000000, 3.763932022500207530 ) ) ;
#1156 = ORIENTED_EDGE ( 'NONE', *, *, #1568, .T. ) ;
#1157 = CARTESIAN_POINT ( 'NONE',  ( 74.75000000000001421, -54.49999999999999289, 5.999999999999998224 ) ) ;
#1158 = ORIENTED_EDGE ( 'NONE', *, *, #1050, .T. ) ;
#1159 = EDGE_CURVE ( 'NONE', #1813, #737, #254, .T. ) ;
#1160 = ORIENTED_EDGE ( 'NONE', *, *, #66, .T. ) ;
#1161 = CC_DESIGN_PERSON_AND_ORGANIZATION_ASSIGNMENT ( #1974, #1825, ( #1820 ) ) ;
#1162 = AXIS2_PLACEMENT_3D ( 'NONE', #2021, #731, #243 ) ;
#1163 = CARTESIAN_POINT ( 'NONE',  ( -86.70000000000001705, -57.99999999999998579, 12.00000000000000000 ) ) ;
#1164 = CARTESIAN_POINT ( 'NONE',  ( -35.25000000000000000, -60.00000000000000711, 5.999999999999998224 ) ) ;
#1165 = CYLINDRICAL_SURFACE ( 'NONE', #1277, 2.250000000000001776 ) ;
#1166 = ORIENTED_EDGE ( 'NONE', *, *, #1217, .T. ) ;
#1167 = VECTOR ( 'NONE', #138, 1000.000000000000000 ) ;
#1168 = LINE ( 'NONE', #541, #633 ) ;
#1169 = PLANE ( 'NONE',  #1701 ) ;
#1170 = ORIENTED_EDGE ( 'NONE', *, *, #1758, .T. ) ;
#1171 = ORIENTED_EDGE ( 'NONE', *, *, #674, .F. ) ;
#1172 = DIRECTION ( 'NONE',  ( -0.000000000000000000, -0.000000000000000000, -1.000000000000000000 ) ) ;
#1173 = ORIENTED_EDGE ( 'NONE', *, *, #889, .T. ) ;
#1174 = CARTESIAN_POINT ( 'NONE',  ( 72.00000000000001421, -59.99999999999999289, 5.999999999999998224 ) ) ;
#1175 = LINE ( 'NONE', #878, #87 ) ;
#1176 = LINE ( 'NONE', #722, #1895 ) ;
#1177 = VECTOR ( 'NONE', #294, 1000.000000000000000 ) ;
#1178 = EDGE_CURVE ( 'NONE', #876, #1029, #890, .T. ) ;
#1179 = AXIS2_PLACEMENT_3D ( 'NONE', #1464, #29, #1139 ) ;
#1180 = AXIS2_PLACEMENT_3D ( 'NONE', #901, #1433, #322 ) ;
#1181 = FACE_OUTER_BOUND ( 'NONE', #786, .T. ) ;
#1182 = EDGE_CURVE ( 'NONE', #1360, #1913, #1168, .T. ) ;
#1183 = VERTEX_POINT ( 'NONE', #1676 ) ;
#1184 = ORIENTED_EDGE ( 'NONE', *, *, #995, .F. ) ;
#1185 = LINE ( 'NONE', #1655, #642 ) ;
#1186 = ORIENTED_EDGE ( 'NONE', *, *, #1928, .T. ) ;
#1187 = CARTESIAN_POINT ( 'NONE',  ( -15.99999999999997868, -47.00000000000000000, 6.000000000000000000 ) ) ;
#1188 = DIRECTION ( 'NONE',  ( -1.000000000000000000, -0.000000000000000000, -0.000000000000000000 ) ) ;
#1189 = LINE ( 'NONE', #540, #599 ) ;
#1190 = ORIENTED_EDGE ( 'NONE', *, *, #1422, .F. ) ;
#1191 = DIRECTION ( 'NONE',  ( -0.000000000000000000, -0.000000000000000000, -1.000000000000000000 ) ) ;
#1192 = CARTESIAN_POINT ( 'NONE',  ( -74.74999999999998579, -54.50000000000000711, 5.999999999999998224 ) ) ;
#1193 = EDGE_CURVE ( 'NONE', #1531, #2060, #264, .T. ) ;
#1194 = ORIENTED_EDGE ( 'NONE', *, *, #2058, .T. ) ;
#1195 = ORIENTED_EDGE ( 'NONE', *, *, #1114, .T. ) ;
#1196 = DIRECTION ( 'NONE',  ( -0.000000000000000000, -0.000000000000000000, -1.000000000000000000 ) ) ;
#1197 = ORIENTED_EDGE ( 'NONE', *, *, #843, .T. ) ;
#1198 = LINE ( 'NONE', #1522, #1702 ) ;
#1199 = DIRECTION ( 'NONE',  ( -0.000000000000000000, -0.000000000000000000, 1.000000000000000000 ) ) ;
#1200 = EDGE_CURVE ( 'NONE', #545, #693, #1130, .T. ) ;
#1201 = DIRECTION ( 'NONE',  ( 1.182766006347823109E-16, -1.000000000000000000, 0.000000000000000000 ) ) ;
#1202 = VECTOR ( 'NONE', #82, 1000.000000000000000 ) ;
#1203 = ADVANCED_FACE ( 'NONE', ( #1852 ), #1516, .F. ) ;
#1204 = AXIS2_PLACEMENT_3D ( 'NONE', #223, #1011, #398 ) ;
#1205 = VECTOR ( 'NONE', #1272, 1000.000000000000000 ) ;
#1206 = DIRECTION ( 'NONE',  ( -1.156482317317871478E-16, 1.000000000000000000, 0.000000000000000000 ) ) ;
#1207 = ORIENTED_EDGE ( 'NONE', *, *, #562, .F. ) ;
#1208 = CC_DESIGN_SECURITY_CLASSIFICATION ( #1726, ( #1820 ) ) ;
#1209 = ORIENTED_EDGE ( 'NONE', *, *, #115, .T. ) ;
#1210 = LINE ( 'NONE', #2044, #542 ) ;
#1211 = CARTESIAN_POINT ( 'NONE',  ( 72.00000000000001421, -54.49999999999999289, 5.999999999999998224 ) ) ;
#1212 = DIRECTION ( 'NONE',  ( 0.000000000000000000, -1.000000000000000000, 0.000000000000000000 ) ) ;
#1213 = CARTESIAN_POINT ( 'NONE',  ( 86.70000000000001705, 57.99999999999998579, 0.000000000000000000 ) ) ;
#1214 = DIRECTION ( 'NONE',  ( 0.000000000000000000, -0.000000000000000000, -1.000000000000000000 ) ) ;
#1215 = ORIENTED_EDGE ( 'NONE', *, *, #836, .T. ) ;
#1216 = CARTESIAN_POINT ( 'NONE',  ( -16.24999999999999645, -7.000000000000020428, 12.00000000000000000 ) ) ;
#1217 = EDGE_CURVE ( 'NONE', #19, #1584, #854, .T. ) ;
#1218 = VECTOR ( 'NONE', #590, 1000.000000000000000 ) ;
#1219 = FACE_BOUND ( 'NONE', #1406, .T. ) ;
#1220 = VERTEX_POINT ( 'NONE', #1689 ) ;
#1221 = ORIENTED_EDGE ( 'NONE', *, *, #1241, .T. ) ;
#1222 = AXIS2_PLACEMENT_3D ( 'NONE', #1870, #572, #381 ) ;
#1223 = CARTESIAN_POINT ( 'NONE',  ( -85.50000000000000000, -56.00000000000000711, 1.600000000000000089 ) ) ;
#1224 = DIRECTION ( 'NONE',  ( -0.000000000000000000, -0.000000000000000000, -1.000000000000000000 ) ) ;
#1225 = EDGE_CURVE ( 'NONE', #22, #327, #473, .T. ) ;
#1226 = DIRECTION ( 'NONE',  ( 1.000000000000000000, 0.000000000000000000, 0.000000000000000000 ) ) ;
#1227 = LINE ( 'NONE', #149, #1053 ) ;
#1228 = ORIENTED_EDGE ( 'NONE', *, *, #1069, .T. ) ;
#1229 = DIRECTION ( 'NONE',  ( 0.000000000000000000, -1.000000000000000000, 0.000000000000000000 ) ) ;
#1230 = EDGE_LOOP ( 'NONE', ( #1063, #477, #746, #872 ) ) ;
#1231 = VERTEX_POINT ( 'NONE', #2025 ) ;
#1232 = DIRECTION ( 'NONE',  ( -0.000000000000000000, -0.000000000000000000, 1.000000000000000000 ) ) ;
#1233 = DIRECTION ( 'NONE',  ( 0.000000000000000000, 0.000000000000000000, -1.000000000000000000 ) ) ;
#1234 = CYLINDRICAL_SURFACE ( 'NONE', #1927, 10.00000000000000178 ) ;
#1235 = CARTESIAN_POINT ( 'NONE',  ( 12.49999999999998934, -53.00000000000002132, 12.00000000000000000 ) ) ;
#1236 = DIRECTION ( 'NONE',  ( 0.000000000000000000, -0.000000000000000000, 1.000000000000000000 ) ) ;
#1237 = ORIENTED_EDGE ( 'NONE', *, *, #870, .T. ) ;
#1238 = CC_DESIGN_DATE_AND_TIME_ASSIGNMENT ( #210, #1145, ( #954 ) ) ;
#1239 = AXIS2_PLACEMENT_3D ( 'NONE', #190, #1146, #1800 ) ;
#1240 = PLANE ( 'NONE',  #1547 ) ;
#1241 = EDGE_CURVE ( 'NONE', #1899, #1280, #1390, .T. ) ;
#1242 = AXIS2_PLACEMENT_3D ( 'NONE', #1605, #1019, #1543 ) ;
#1243 = CIRCLE ( 'NONE', #602, 2.250000000000001776 ) ;
#1244 = ORIENTED_EDGE ( 'NONE', *, *, #46, .T. ) ;
#1245 = ORIENTED_EDGE ( 'NONE', *, *, #775, .T. ) ;
#1246 = VECTOR ( 'NONE', #614, 1000.000000000000000 ) ;
#1247 = ORGANIZATION ( '未指定', '未指定', '' ) ;
#1248 = LINE ( 'NONE', #424, #1116 ) ;
#1249 = DIRECTION ( 'NONE',  ( -0.000000000000000000, -0.000000000000000000, 1.000000000000000000 ) ) ;
#1250 = ADVANCED_FACE ( 'NONE', ( #710 ), #429, .F. ) ;
#1251 = DIRECTION ( 'NONE',  ( -1.239088197126290817E-16, -1.000000000000000000, 0.000000000000000000 ) ) ;
#1252 = FACE_OUTER_BOUND ( 'NONE', #1532, .T. ) ;
#1253 = ORIENTED_EDGE ( 'NONE', *, *, #1274, .F. ) ;
#1254 = EDGE_CURVE ( 'NONE', #1016, #928, #1949, .T. ) ;
#1255 = VERTEX_POINT ( 'NONE', #1915 ) ;
#1256 = ORIENTED_EDGE ( 'NONE', *, *, #732, .T. ) ;
#1257 = AXIS2_PLACEMENT_3D ( 'NONE', #239, #64, #1952 ) ;
#1258 = VECTOR ( 'NONE', #1985, 1000.000000000000000 ) ;
#1259 = ORIENTED_EDGE ( 'NONE', *, *, #626, .T. ) ;
#1260 = DIRECTION ( 'NONE',  ( 1.182766006347823109E-16, -1.000000000000000000, 0.000000000000000000 ) ) ;
#1261 = DIRECTION ( 'NONE',  ( 0.000000000000000000, -0.000000000000000000, -1.000000000000000000 ) ) ;
#1262 = MANIFOLD_SOLID_BREP ( '圆角4', #1047 ) ;
#1263 = CARTESIAN_POINT ( 'NONE',  ( -87.99999999999997158, 55.99999999999997868, 0.000000000000000000 ) ) ;
#1264 = ORIENTED_EDGE ( 'NONE', *, *, #961, .F. ) ;
#1265 = DIRECTION ( 'NONE',  ( -1.000000000000000000, -1.182766006347823109E-16, 0.000000000000000000 ) ) ;
#1266 = EDGE_CURVE ( 'NONE', #200, #1536, #1923, .T. ) ;
#1267 = ORIENTED_EDGE ( 'NONE', *, *, #1758, .F. ) ;
#1268 = VERTEX_POINT ( 'NONE', #930 ) ;
#1269 = EDGE_CURVE ( 'NONE', #307, #1417, #1421, .T. ) ;
#1270 = DIRECTION ( 'NONE',  ( -0.000000000000000000, -0.000000000000000000, -1.000000000000000000 ) ) ;
#1271 = CARTESIAN_POINT ( 'NONE',  ( -12.49999999999999289, -55.99999999999999289, 9.899999999999998579 ) ) ;
#1272 = DIRECTION ( 'NONE',  ( 3.469446951953616161E-16, -1.000000000000000000, 0.000000000000000000 ) ) ;
#1273 = DIRECTION ( 'NONE',  ( 1.182766006347823109E-16, -1.000000000000000000, 0.000000000000000000 ) ) ;
#1274 = EDGE_CURVE ( 'NONE', #737, #1715, #342, .T. ) ;
#1275 = ORIENTED_EDGE ( 'NONE', *, *, #258, .F. ) ;
#1276 = VERTEX_POINT ( 'NONE', #1435 ) ;
#1277 = AXIS2_PLACEMENT_3D ( 'NONE', #1860, #1045, #427 ) ;
#1278 = ADVANCED_FACE ( 'NONE', ( #1111 ), #1761, .F. ) ;
#1279 = AXIS2_PLACEMENT_3D ( 'NONE', #587, #404, #1986 ) ;
#1280 = VERTEX_POINT ( 'NONE', #921 ) ;
#1281 = FACE_OUTER_BOUND ( 'NONE', #761, .T. ) ;
#1282 =( GEOMETRIC_REPRESENTATION_CONTEXT ( 3 ) GLOBAL_UNCERTAINTY_ASSIGNED_CONTEXT ( ( #209 ) ) GLOBAL_UNIT_ASSIGNED_CONTEXT ( ( #141, #1759, #637 ) ) REPRESENTATION_CONTEXT ( 'NONE', 'WORKASPACE' ) );
#1283 = CARTESIAN_POINT ( 'NONE',  ( 12.49999999999998934, -53.00000000000002132, 2.100000000000000089 ) ) ;
#1284 = LINE ( 'NONE', #949, #202 ) ;
#1285 = FACE_OUTER_BOUND ( 'NONE', #857, .T. ) ;
#1286 = VERTEX_POINT ( 'NONE', #167 ) ;
#1287 = ADVANCED_FACE ( 'NONE', ( #790 ), #2037, .T. ) ;
#1288 = ORIENTED_EDGE ( 'NONE', *, *, #630, .T. ) ;
#1289 = ORIENTED_EDGE ( 'NONE', *, *, #538, .F. ) ;
#1290 = VECTOR ( 'NONE', #690, 1000.000000000000000 ) ;
#1291 = CARTESIAN_POINT ( 'NONE',  ( -87.99999999999997158, 55.99999999999997868, 12.00000000000000000 ) ) ;
#1292 = EDGE_CURVE ( 'NONE', #1583, #28, #1176, .T. ) ;
#1293 = VECTOR ( 'NONE', #1212, 1000.000000000000000 ) ;
#1294 = CARTESIAN_POINT ( 'NONE',  ( -15.99999999999997868, -53.00000000000002132, 8.250000000000000000 ) ) ;
#1295 = CARTESIAN_POINT ( 'NONE',  ( -16.24999999999999645, 2.999999999999981792, 12.00000000000000000 ) ) ;
#1296 = DIRECTION ( 'NONE',  ( 1.000000000000000000, 1.182766006347823109E-16, 0.000000000000000000 ) ) ;
#1297 = ORIENTED_EDGE ( 'NONE', *, *, #1805, .F. ) ;
#1298 = CARTESIAN_POINT ( 'NONE',  ( 88.00000000000002842, 56.00000000000000711, 12.00000000000000000 ) ) ;
#1299 = CYLINDRICAL_SURFACE ( 'NONE', #1473, 2.250000000000001776 ) ;
#1300 = CARTESIAN_POINT ( 'NONE',  ( -39.83012569102495348, 40.99999999999997868, 1.600000000000000089 ) ) ;
#1301 = DIRECTION ( 'NONE',  ( 0.000000000000000000, 0.000000000000000000, -1.000000000000000000 ) ) ;
#1302 = ORIENTED_EDGE ( 'NONE', *, *, #1630, .T. ) ;
#1303 = EDGE_CURVE ( 'NONE', #1093, #2008, #839, .T. ) ;
#1304 = VERTEX_POINT ( 'NONE', #1710 ) ;
#1305 = EDGE_CURVE ( 'NONE', #38, #1151, #1189, .T. ) ;
#1306 = AXIS2_PLACEMENT_3D ( 'NONE', #909, #1588, #1226 ) ;
#1307 = DIRECTION ( 'NONE',  ( 1.182766006347823109E-16, -1.000000000000000000, -0.000000000000000000 ) ) ;
#1308 = DIRECTION ( 'NONE',  ( 1.182766006347823109E-16, -1.000000000000000000, 0.000000000000000000 ) ) ;
#1309 = EDGE_CURVE ( 'NONE', #928, #1268, #999, .T. ) ;
#1310 = DIRECTION ( 'NONE',  ( -1.000000000000000000, -1.577021341797097560E-16, 0.000000000000000000 ) ) ;
#1311 = CARTESIAN_POINT ( 'NONE',  ( 39.83012569102496059, 40.99999999999997868, 12.00000000000000000 ) ) ;
#1312 = ORIENTED_EDGE ( 'NONE', *, *, #1990, .F. ) ;
#1313 = CARTESIAN_POINT ( 'NONE',  ( -16.25000000000000355, -53.00000000000002132, 12.00000000000000000 ) ) ;
#1314 = CARTESIAN_POINT ( 'NONE',  ( 88.00000000000002842, 60.00000000000001421, 0.000000000000000000 ) ) ;
#1315 = VERTEX_POINT ( 'NONE', #708 ) ;
#1316 = VECTOR ( 'NONE', #1442, 1000.000000000000000 ) ;
#1317 = DIRECTION ( 'NONE',  ( -1.000000000000000000, 0.000000000000000000, 0.000000000000000000 ) ) ;
#1318 = CARTESIAN_POINT ( 'NONE',  ( -71.99999999999998579, -54.50000000000000711, 5.999999999999998224 ) ) ;
#1319 = AXIS2_PLACEMENT_3D ( 'NONE', #560, #252, #707 ) ;
#1320 = CARTESIAN_POINT ( 'NONE',  ( 12.50000000000000888, -55.99999999999999289, 9.899999999999998579 ) ) ;
#1321 = ORIENTED_EDGE ( 'NONE', *, *, #1869, .F. ) ;
#1322 = EDGE_CURVE ( 'NONE', #1427, #1628, #696, .T. ) ;
#1323 = LINE ( 'NONE', #1966, #1562 ) ;
#1324 = EDGE_LOOP ( 'NONE', ( #1088, #578, #1245, #1297 ) ) ;
#1325 = ADVANCED_FACE ( 'NONE', ( #851, #1973 ), #395, .T. ) ;
#1326 = ORIENTED_EDGE ( 'NONE', *, *, #1447, .F. ) ;
#1327 = CARTESIAN_POINT ( 'NONE',  ( 16.24999999999999645, -53.00000000000002132, 8.250000000000000000 ) ) ;
#1328 = CARTESIAN_POINT ( 'NONE',  ( 39.83012569102495348, -7.273079377613468133E-15, 10.40000000000000036 ) ) ;
#1329 = CARTESIAN_POINT ( 'NONE',  ( 16.24999999999999645, -53.00000000000002132, 12.00000000000000000 ) ) ;
#1330 = ADVANCED_BREP_SHAPE_REPRESENTATION ( '\X2\75355b505ea7724c\X0\', ( #1262, #606 ), #1282 ) ;
#1331 = PERSON_AND_ORGANIZATION ( #1056, #1247 ) ;
#1332 = LINE ( 'NONE', #18, #286 ) ;
#1333 = DIRECTION ( 'NONE',  ( 1.000000000000000000, -0.000000000000000000, -0.000000000000000000 ) ) ;
#1334 = EDGE_LOOP ( 'NONE', ( #1030, #387 ) ) ;
#1335 = ORIENTED_EDGE ( 'NONE', *, *, #1114, .F. ) ;
#1336 = EDGE_CURVE ( 'NONE', #1583, #1475, #1502, .T. ) ;
#1337 = ORIENTED_EDGE ( 'NONE', *, *, #580, .T. ) ;
#1338 = VECTOR ( 'NONE', #1317, 1000.000000000000000 ) ;
#1339 = CARTESIAN_POINT ( 'NONE',  ( -86.69999999999998863, 57.99999999999998579, 0.000000000000000000 ) ) ;
#1340 = CARTESIAN_POINT ( 'NONE',  ( -26.24999999999999645, 2.999999999999981792, 12.00000000000000000 ) ) ;
#1341 = DIRECTION ( 'NONE',  ( -1.000000000000000000, 0.000000000000000000, 0.000000000000000000 ) ) ;
#1342 = AXIS2_PLACEMENT_3D ( 'NONE', #1329, #98, #1214 ) ;
#1343 = PERSON_AND_ORGANIZATION_ROLE ( 'classification_officer' ) ;
#1344 = CC_DESIGN_APPROVAL ( #665, ( #954 ) ) ;
#1345 = DIRECTION ( 'NONE',  ( 1.182766006347823109E-16, -1.000000000000000000, 0.000000000000000000 ) ) ;
#1346 = DIRECTION ( 'NONE',  ( 0.000000000000000000, 0.000000000000000000, 1.000000000000000000 ) ) ;
#1347 = ORIENTED_EDGE ( 'NONE', *, *, #290, .F. ) ;
#1348 = ORIENTED_EDGE ( 'NONE', *, *, #894, .T. ) ;
#1349 = FACE_OUTER_BOUND ( 'NONE', #95, .T. ) ;
#1350 = EDGE_LOOP ( 'NONE', ( #74, #1197, #655, #392 ) ) ;
#1351 = DIRECTION ( 'NONE',  ( -1.000000000000000000, 0.000000000000000000, 0.000000000000000000 ) ) ;
#1352 = LINE ( 'NONE', #1685, #1293 ) ;
#1353 = CARTESIAN_POINT ( 'NONE',  ( -12.50000000000001066, -53.00000000000002132, 2.100000000000000977 ) ) ;
#1354 = ORIENTED_EDGE ( 'NONE', *, *, #1821, .T. ) ;
#1355 = AXIS2_PLACEMENT_3D ( 'NONE', #859, #1632, #1520 ) ;
#1356 = DIRECTION ( 'NONE',  ( 1.000000000000000000, 0.000000000000000000, 0.000000000000000000 ) ) ;
#1357 = VECTOR ( 'NONE', #1188, 1000.000000000000000 ) ;
#1358 = CARTESIAN_POINT ( 'NONE',  ( 86.70000000000001705, 57.99999999999998579, 0.5000000000000000000 ) ) ;
#1359 = ORIENTED_EDGE ( 'NONE', *, *, #1787, .F. ) ;
#1360 = VERTEX_POINT ( 'NONE', #1353 ) ;
#1361 = CARTESIAN_POINT ( 'NONE',  ( 39.83012569102495348, 2.999999999999981792, 12.00000000000000000 ) ) ;
#1362 = DIRECTION ( 'NONE',  ( 0.000000000000000000, 0.000000000000000000, -1.000000000000000000 ) ) ;
#1363 = DIRECTION ( 'NONE',  ( 1.000000000000000000, 0.000000000000000000, -0.000000000000000000 ) ) ;
#1364 = EDGE_CURVE ( 'NONE', #913, #693, #531, .T. ) ;
#1365 = CARTESIAN_POINT ( 'NONE',  ( 0.000000000000000000, 0.000000000000000000, 0.000000000000000000 ) ) ;
#1366 = CARTESIAN_POINT ( 'NONE',  ( -86.70000000000001705, -57.99999999999998579, 12.00000000000000000 ) ) ;
#1367 = LINE ( 'NONE', #922, #377 ) ;
#1368 = PLANE ( 'NONE',  #1937 ) ;
#1369 = EDGE_LOOP ( 'NONE', ( #2042, #574, #291, #1982, #226, #421 ) ) ;
#1370 = ORIENTED_EDGE ( 'NONE', *, *, #874, .T. ) ;
#1371 = DIRECTION ( 'NONE',  ( -1.000000000000000000, 0.000000000000000000, 0.000000000000000000 ) ) ;
#1372 = LINE ( 'NONE', #426, #1733 ) ;
#1373 = DIRECTION ( 'NONE',  ( 6.938893903907232322E-16, 1.000000000000000000, 0.000000000000000000 ) ) ;
#1374 = ADVANCED_FACE ( 'NONE', ( #69 ), #382, .F. ) ;
#1375 = ORIENTED_EDGE ( 'NONE', *, *, #317, .F. ) ;
#1376 = DIRECTION ( 'NONE',  ( 1.182766006347823109E-16, -1.000000000000000000, 0.000000000000000000 ) ) ;
#1377 = AXIS2_PLACEMENT_3D ( 'NONE', #1837, #1535, #1824 ) ;
#1378 = AXIS2_PLACEMENT_3D ( 'NONE', #1032, #1660, #895 ) ;
#1379 = DIRECTION ( 'NONE',  ( 1.000000000000000000, 0.000000000000000000, 0.000000000000000000 ) ) ;
#1380 = PLANE ( 'NONE',  #423 ) ;
#1381 = EDGE_CURVE ( 'NONE', #338, #84, #2011, .T. ) ;
#1382 = VERTEX_POINT ( 'NONE', #1871 ) ;
#1383 = VERTEX_POINT ( 'NONE', #561 ) ;
#1384 = CARTESIAN_POINT ( 'NONE',  ( 85.50000000000001421, -56.00000000000000000, 10.40000000000000036 ) ) ;
#1385 = CARTESIAN_POINT ( 'NONE',  ( 18.25000000000002487, -47.00000000000000000, 6.000000000000000000 ) ) ;
#1386 = LINE ( 'NONE', #445, #905 ) ;
#1387 = LINE ( 'NONE', #1235, #781 ) ;
#1388 = LINE ( 'NONE', #910, #1585 ) ;
#1389 = ORIENTED_EDGE ( 'NONE', *, *, #1292, .T. ) ;
#1390 = LINE ( 'NONE', #880, #1202 ) ;
#1391 = AXIS2_PLACEMENT_3D ( 'NONE', #270, #908, #443 ) ;
#1392 = VECTOR ( 'NONE', #1172, 1000.000000000000000 ) ;
#1393 = DIRECTION ( 'NONE',  ( -1.239088197126290817E-16, -1.000000000000000000, 0.000000000000000000 ) ) ;
#1394 = LINE ( 'NONE', #618, #1316 ) ;
#1395 = VERTEX_POINT ( 'NONE', #230 ) ;
#1396 = ORIENTED_EDGE ( 'NONE', *, *, #63, .F. ) ;
#1397 = CIRCLE ( 'NONE', #1180, 2.750000000000002665 ) ;
#1398 = APPROVAL ( #405, '未指定' ) ;
#1399 = DIRECTION ( 'NONE',  ( 3.469446951953616161E-16, 1.000000000000000000, 0.000000000000000000 ) ) ;
#1400 = CARTESIAN_POINT ( 'NONE',  ( 85.50000000000002842, 55.99999999999999289, 1.600000000000000089 ) ) ;
#1401 = CARTESIAN_POINT ( 'NONE',  ( 0.000000000000000000, 40.99999999999997868, 10.40000000000000036 ) ) ;
#1402 = VERTEX_POINT ( 'NONE', #573 ) ;
#1403 = EDGE_CURVE ( 'NONE', #233, #1411, #416, .T. ) ;
#1404 = ADVANCED_FACE ( 'NONE', ( #879 ), #1165, .F. ) ;
#1405 = ORIENTED_EDGE ( 'NONE', *, *, #814, .F. ) ;
#1406 = EDGE_LOOP ( 'NONE', ( #1335, #159 ) ) ;
#1407 = EDGE_CURVE ( 'NONE', #1360, #28, #1698, .T. ) ;
#1408 = CARTESIAN_POINT ( 'NONE',  ( 85.50000000000001421, -56.00000000000000711, 1.600000000000000089 ) ) ;
#1409 = CARTESIAN_POINT ( 'NONE',  ( -38.00000000000000000, -54.50000000000000711, 5.999999999999998224 ) ) ;
#1410 = DIRECTION ( 'NONE',  ( 0.000000000000000000, 0.000000000000000000, 1.000000000000000000 ) ) ;
#1411 = VERTEX_POINT ( 'NONE', #887 ) ;
#1412 = LINE ( 'NONE', #563, #1070 ) ;
#1413 = AXIS2_PLACEMENT_3D ( 'NONE', #1320, #1947, #355 ) ;
#1414 = ORIENTED_EDGE ( 'NONE', *, *, #980, .F. ) ;
#1415 = ORIENTED_EDGE ( 'NONE', *, *, #315, .T. ) ;
#1416 = CIRCLE ( 'NONE', #10, 2.750000000000002665 ) ;
#1417 = VERTEX_POINT ( 'NONE', #81 ) ;
#1418 = DIRECTION ( 'NONE',  ( -0.000000000000000000, -0.000000000000000000, -1.000000000000000000 ) ) ;
#1419 = LINE ( 'NONE', #446, #1817 ) ;
#1420 = EDGE_LOOP ( 'NONE', ( #621, #347, #116, #1264 ) ) ;
#1421 = LINE ( 'NONE', #2068, #1683 ) ;
#1422 = EDGE_CURVE ( 'NONE', #1383, #519, #1512, .T. ) ;
#1423 = ORIENTED_EDGE ( 'NONE', *, *, #641, .T. ) ;
#1424 = ORIENTED_EDGE ( 'NONE', *, *, #766, .T. ) ;
#1425 = VECTOR ( 'NONE', #1206, 1000.000000000000000 ) ;
#1426 = AXIS2_PLACEMENT_3D ( 'NONE', #1430, #120, #1571 ) ;
#1427 = VERTEX_POINT ( 'NONE', #109 ) ;
#1428 = LINE ( 'NONE', #749, #914 ) ;
#1429 = FACE_OUTER_BOUND ( 'NONE', #244, .T. ) ;
#1430 = CARTESIAN_POINT ( 'NONE',  ( -38.00000000000000000, -60.00000000000000711, 5.999999999999998224 ) ) ;
#1431 = DIRECTION ( 'NONE',  ( 0.000000000000000000, -1.000000000000000000, 0.000000000000000000 ) ) ;
#1432 = EDGE_CURVE ( 'NONE', #1315, #1286, #1036, .T. ) ;
#1433 = DIRECTION ( 'NONE',  ( 1.182766006347823109E-16, -1.000000000000000000, 0.000000000000000000 ) ) ;
#1434 = ADVANCED_FACE ( 'NONE', ( #289 ), #430, .F. ) ;
#1435 = CARTESIAN_POINT ( 'NONE',  ( 16.24999999999999645, -53.00000000000002132, 10.40000000000000036 ) ) ;
#1436 = VERTEX_POINT ( 'NONE', #1876 ) ;
#1437 = ORIENTED_EDGE ( 'NONE', *, *, #407, .F. ) ;
#1438 = ORIENTED_EDGE ( 'NONE', *, *, #1403, .F. ) ;
#1439 = CARTESIAN_POINT ( 'NONE',  ( -86.70000000000003126, 58.00000000000001421, 11.50000000000000000 ) ) ;
#1440 = DIRECTION ( 'NONE',  ( -1.000000000000000000, -1.156482317317871478E-16, 0.000000000000000000 ) ) ;
#1441 = CARTESIAN_POINT ( 'NONE',  ( 84.00000000000001421, 56.00000000000000711, 12.00000000000000000 ) ) ;
#1442 = DIRECTION ( 'NONE',  ( 1.182766006347823109E-16, -1.000000000000000000, -0.000000000000000000 ) ) ;
#1443 = EDGE_CURVE ( 'NONE', #479, #2, #1367, .T. ) ;
#1444 = ORIENTED_EDGE ( 'NONE', *, *, #1050, .F. ) ;
#1445 = VERTEX_POINT ( 'NONE', #265 ) ;
#1446 = VECTOR ( 'NONE', #1059, 1000.000000000000000 ) ;
#1447 = EDGE_CURVE ( 'NONE', #307, #213, #1412, .T. ) ;
#1448 = AXIS2_PLACEMENT_3D ( 'NONE', #1732, #1410, #320 ) ;
#1449 = ORIENTED_EDGE ( 'NONE', *, *, #1159, .T. ) ;
#1450 = DIRECTION ( 'NONE',  ( 1.182766006347823109E-16, -1.000000000000000000, 0.000000000000000000 ) ) ;
#1451 = CARTESIAN_POINT ( 'NONE',  ( 86.70000000000000284, -57.99999999999998579, 11.50000000000000000 ) ) ;
#1452 = DIRECTION ( 'NONE',  ( 0.000000000000000000, 0.000000000000000000, -1.000000000000000000 ) ) ;
#1453 = ORIENTED_EDGE ( 'NONE', *, *, #1336, .T. ) ;
#1454 = VECTOR ( 'NONE', #1484, 1000.000000000000000 ) ;
#1455 = DIRECTION ( 'NONE',  ( 1.000000000000000000, 1.577021341797097560E-16, 0.000000000000000000 ) ) ;
#1456 = AXIS2_PLACEMENT_3D ( 'NONE', #1626, #969, #25 ) ;
#1457 = FACE_OUTER_BOUND ( 'NONE', #1629, .T. ) ;
#1458 = DIRECTION ( 'NONE',  ( -1.000000000000000000, 0.000000000000000000, 0.000000000000000000 ) ) ;
#1459 = ADVANCED_FACE ( 'NONE', ( #92, #113 ), #1240, .T. ) ;
#1460 = CARTESIAN_POINT ( 'NONE',  ( 16.00000000000002132, -60.00000000000000000, 6.000000000000000000 ) ) ;
#1461 = CARTESIAN_POINT ( 'NONE',  ( -86.70000000000000284, -58.00000000000001421, 0.5000000000000000000 ) ) ;
#1462 = EDGE_CURVE ( 'NONE', #737, #19, #725, .T. ) ;
#1463 = ORIENTED_EDGE ( 'NONE', *, *, #66, .F. ) ;
#1464 = CARTESIAN_POINT ( 'NONE',  ( -15.99999999999997868, -47.00000000000000000, 3.750000000000000000 ) ) ;
#1465 = CARTESIAN_POINT ( 'NONE',  ( 88.00000000000004263, -59.99999999999998579, 12.00000000000000000 ) ) ;
#1466 = EDGE_CURVE ( 'NONE', #1276, #1315, #419, .T. ) ;
#1467 = DIRECTION ( 'NONE',  ( -1.000000000000000000, -0.000000000000000000, -0.000000000000000000 ) ) ;
#1468 = DIRECTION ( 'NONE',  ( 1.239088197126290817E-16, 1.000000000000000000, -0.000000000000000000 ) ) ;
#1469 = VERTEX_POINT ( 'NONE', #575 ) ;
#1470 = ORIENTED_EDGE ( 'NONE', *, *, #1135, .F. ) ;
#1471 = ORIENTED_EDGE ( 'NONE', *, *, #41, .T. ) ;
#1472 = CARTESIAN_POINT ( 'NONE',  ( 86.70000000000001705, 57.99999999999998579, 0.5000000000000000000 ) ) ;
#1473 = AXIS2_PLACEMENT_3D ( 'NONE', #975, #1307, #498 ) ;
#1474 = CARTESIAN_POINT ( 'NONE',  ( 39.83012569102496059, 40.99999999999997868, 1.600000000000000089 ) ) ;
#1475 = VERTEX_POINT ( 'NONE', #1945 ) ;
#1476 = CARTESIAN_POINT ( 'NONE',  ( 85.50000000000002842, 55.99999999999999289, 0.5000000000000000000 ) ) ;
#1477 = FACE_OUTER_BOUND ( 'NONE', #256, .T. ) ;
#1478 = ADVANCED_FACE ( 'NONE', ( #196 ), #1126, .F. ) ;
#1479 = LOCAL_TIME ( 14, 51, 54.00000000000000000, #59 ) ;
#1480 = APPROVAL_STATUS ( 'not_yet_approved' ) ;
#1481 = DIRECTION ( 'NONE',  ( -0.000000000000000000, -0.000000000000000000, -1.000000000000000000 ) ) ;
#1482 = ADVANCED_FACE ( 'NONE', ( #1457 ), #1299, .F. ) ;
#1483 = VERTEX_POINT ( 'NONE', #1780 ) ;
#1484 = DIRECTION ( 'NONE',  ( 1.182766006347823109E-16, -1.000000000000000000, 0.000000000000000000 ) ) ;
#1485 = ORIENTED_EDGE ( 'NONE', *, *, #1042, .T. ) ;
#1486 = DIRECTION ( 'NONE',  ( 1.000000000000000000, 0.000000000000000000, 0.000000000000000000 ) ) ;
#1487 = ORIENTED_EDGE ( 'NONE', *, *, #1241, .F. ) ;
#1488 = LINE ( 'NONE', #334, #76 ) ;
#1489 = CARTESIAN_POINT ( 'NONE',  ( 40.75000000000000000, -59.99999999999999289, 5.999999999999998224 ) ) ;
#1490 = EDGE_CURVE ( 'NONE', #1382, #326, #372, .T. ) ;
#1491 = CIRCLE ( 'NONE', #1222, 4.000000000000003553 ) ;
#1492 = VERTEX_POINT ( 'NONE', #1451 ) ;
#1493 = APPLICATION_CONTEXT ( 'configuration controlled 3d designs of mechanical parts and assemblies' ) ;
#1494 = APPROVAL_ROLE ( '' ) ;
#1495 = FACE_OUTER_BOUND ( 'NONE', #933, .T. ) ;
#1496 = ADVANCED_FACE ( 'NONE', ( #1122 ), #807, .F. ) ;
#1497 = VERTEX_POINT ( 'NONE', #1133 ) ;
#1498 = DIRECTION ( 'NONE',  ( -0.000000000000000000, -0.000000000000000000, 1.000000000000000000 ) ) ;
#1499 = VERTEX_POINT ( 'NONE', #24 ) ;
#1500 = LINE ( 'NONE', #1327, #2018 ) ;
#1501 = CARTESIAN_POINT ( 'NONE',  ( -85.49999999999998579, 56.00000000000000000, 10.40000000000000036 ) ) ;
#1502 = LINE ( 'NONE', #1021, #1980 ) ;
#1503 = APPROVAL_ROLE ( '' ) ;
#1504 = DIRECTION ( 'NONE',  ( 1.000000000000000000, 0.000000000000000000, 0.000000000000000000 ) ) ;
#1505 = EDGE_LOOP ( 'NONE', ( #488, #228 ) ) ;
#1506 = DIRECTION ( 'NONE',  ( -1.000000000000000000, 0.000000000000000000, 0.000000000000000000 ) ) ;
#1507 = ORIENTED_EDGE ( 'NONE', *, *, #301, .F. ) ;
#1508 = ORIENTED_EDGE ( 'NONE', *, *, #1742, .T. ) ;
#1509 = EDGE_LOOP ( 'NONE', ( #1678, #1064, #1259, #2059 ) ) ;
#1510 = FACE_OUTER_BOUND ( 'NONE', #1505, .T. ) ;
#1511 = CARTESIAN_POINT ( 'NONE',  ( -15.99999999999997868, -47.00000000000000000, 6.000000000000000000 ) ) ;
#1512 = LINE ( 'NONE', #150, #106 ) ;
#1513 = VERTEX_POINT ( 'NONE', #1770 ) ;
#1514 = VECTOR ( 'NONE', #796, 1000.000000000000000 ) ;
#1515 = DIRECTION ( 'NONE',  ( 0.000000000000000000, 0.000000000000000000, 1.000000000000000000 ) ) ;
#1516 = PLANE ( 'NONE',  #763 ) ;
#1517 = ORIENTED_EDGE ( 'NONE', *, *, #131, .T. ) ;
#1518 = VERTEX_POINT ( 'NONE', #1634 ) ;
#1519 = ADVANCED_FACE ( 'NONE', ( #1791 ), #837, .F. ) ;
#1520 = DIRECTION ( 'NONE',  ( 1.239088197126290817E-16, 1.000000000000000000, 0.000000000000000000 ) ) ;
#1521 = ORIENTED_EDGE ( 'NONE', *, *, #1878, .T. ) ;
#1522 = CARTESIAN_POINT ( 'NONE',  ( -86.69999999999998863, 57.99999999999998579, 0.5000000000000000000 ) ) ;
#1523 = DIRECTION ( 'NONE',  ( 0.000000000000000000, 0.000000000000000000, 1.000000000000000000 ) ) ;
#1524 = VECTOR ( 'NONE', #946, 1000.000000000000000 ) ;
#1525 = VECTOR ( 'NONE', #459, 1000.000000000000000 ) ;
#1526 = PERSON_AND_ORGANIZATION ( #1056, #1247 ) ;
#1527 = CIRCLE ( 'NONE', #1426, 2.750000000000002665 ) ;
#1528 = DIRECTION ( 'NONE',  ( 1.000000000000000000, 1.182766006347823109E-16, 0.000000000000000000 ) ) ;
#1529 = DIRECTION ( 'NONE',  ( -1.156482317317871478E-16, 1.000000000000000000, 0.000000000000000000 ) ) ;
#1530 = CARTESIAN_POINT ( 'NONE',  ( 38.00000000000000000, -59.99999999999999289, 5.999999999999998224 ) ) ;
#1531 = VERTEX_POINT ( 'NONE', #1476 ) ;
#1532 = EDGE_LOOP ( 'NONE', ( #292, #1507, #1706, #370 ) ) ;
#1533 = FACE_OUTER_BOUND ( 'NONE', #884, .T. ) ;
#1534 = DIRECTION ( 'NONE',  ( 1.182766006347823109E-16, -1.000000000000000000, 0.000000000000000000 ) ) ;
#1535 = DIRECTION ( 'NONE',  ( 1.182766006347823109E-16, -1.000000000000000000, 0.000000000000000000 ) ) ;
#1536 = VERTEX_POINT ( 'NONE', #815 ) ;
#1537 = DIRECTION ( 'NONE',  ( -1.000000000000000000, -1.239088197126290817E-16, 0.000000000000000000 ) ) ;
#1538 = FACE_OUTER_BOUND ( 'NONE', #1910, .T. ) ;
#1539 = ORIENTED_EDGE ( 'NONE', *, *, #538, .T. ) ;
#1540 = EDGE_LOOP ( 'NONE', ( #1560, #262, #1700, #1125 ) ) ;
#1541 = DIRECTION ( 'NONE',  ( 1.000000000000000000, 2.392722035830079465E-16, 0.000000000000000000 ) ) ;
#1542 = CARTESIAN_POINT ( 'NONE',  ( 12.50000000000001066, -53.00000000000002132, 9.899999999999998579 ) ) ;
#1543 = DIRECTION ( 'NONE',  ( -1.000000000000000000, 0.000000000000000000, 0.000000000000000000 ) ) ;
#1544 = LINE ( 'NONE', #89, #1765 ) ;
#1545 = CARTESIAN_POINT ( 'NONE',  ( -85.49999999999998579, 55.99999999999999289, 0.5000000000000000000 ) ) ;
#1546 = VERTEX_POINT ( 'NONE', #1294 ) ;
#1547 = AXIS2_PLACEMENT_3D ( 'NONE', #733, #1898, #1379 ) ;
#1548 = ADVANCED_FACE ( 'NONE', ( #643 ), #490, .F. ) ;
#1549 = DIRECTION ( 'NONE',  ( 1.000000000000000000, 0.000000000000000000, 0.000000000000000000 ) ) ;
#1550 = VECTOR ( 'NONE', #669, 1000.000000000000000 ) ;
#1551 = CIRCLE ( 'NONE', #1786, 2.750000000000002665 ) ;
#1552 = DIRECTION ( 'NONE',  ( 0.000000000000000000, -0.000000000000000000, -1.000000000000000000 ) ) ;
#1553 = CARTESIAN_POINT ( 'NONE',  ( 86.70000000000001705, 57.99999999999998579, 0.000000000000000000 ) ) ;
#1554 = CC_DESIGN_PERSON_AND_ORGANIZATION_ASSIGNMENT ( #1331, #1034, ( #1820 ) ) ;
#1555 = EDGE_LOOP ( 'NONE', ( #608, #1754, #1602, #1051, #136, #772, #467, #1078 ) ) ;
#1556 = ORIENTED_EDGE ( 'NONE', *, *, #1322, .F. ) ;
#1557 = LINE ( 'NONE', #1384, #842 ) ;
#1558 = DIRECTION ( 'NONE',  ( 1.182766006347823109E-16, -1.000000000000000000, 0.000000000000000000 ) ) ;
#1559 = DIRECTION ( 'NONE',  ( 1.182766006347823109E-16, -1.000000000000000000, 0.000000000000000000 ) ) ;
#1560 = ORIENTED_EDGE ( 'NONE', *, *, #1650, .T. ) ;
#1561 = DIRECTION ( 'NONE',  ( 0.000000000000000000, 0.000000000000000000, 1.000000000000000000 ) ) ;
#1562 = VECTOR ( 'NONE', #525, 1000.000000000000000 ) ;
#1563 = VECTOR ( 'NONE', #489, 1000.000000000000000 ) ;
#1564 = CARTESIAN_POINT ( 'NONE',  ( 40.75000000000000000, -54.49999999999999289, 5.999999999999998224 ) ) ;
#1565 = ORIENTED_EDGE ( 'NONE', *, *, #1200, .T. ) ;
#1566 = ORIENTED_EDGE ( 'NONE', *, *, #135, .T. ) ;
#1567 = VECTOR ( 'NONE', #471, 1000.000000000000000 ) ;
#1568 = EDGE_CURVE ( 'NONE', #456, #1255, #42, .T. ) ;
#1569 = LINE ( 'NONE', #105, #1177 ) ;
#1570 = LINE ( 'NONE', #304, #37 ) ;
#1571 = DIRECTION ( 'NONE',  ( 1.000000000000000000, 0.000000000000000000, 0.000000000000000000 ) ) ;
#1572 = CARTESIAN_POINT ( 'NONE',  ( -85.49999999999998579, 55.99999999999999289, 0.5000000000000000000 ) ) ;
#1573 = EDGE_LOOP ( 'NONE', ( #257, #1987, #1967, #802 ) ) ;
#1574 = ORIENTED_EDGE ( 'NONE', *, *, #384, .T. ) ;
#1575 = VERTEX_POINT ( 'NONE', #1962 ) ;
#1576 = ORIENTED_EDGE ( 'NONE', *, *, #46, .F. ) ;
#1577 = LINE ( 'NONE', #612, #1994 ) ;
#1578 = CYLINDRICAL_SURFACE ( 'NONE', #967, 2.750000000000002665 ) ;
#1579 = EDGE_CURVE ( 'NONE', #1794, #1513, #1616, .T. ) ;
#1580 = DIRECTION ( 'NONE',  ( 0.000000000000000000, 0.000000000000000000, 1.000000000000000000 ) ) ;
#1581 = ORIENTED_EDGE ( 'NONE', *, *, #1878, .F. ) ;
#1582 = AXIS2_PLACEMENT_3D ( 'NONE', #188, #986, #180 ) ;
#1583 = VERTEX_POINT ( 'NONE', #1647 ) ;
#1584 = VERTEX_POINT ( 'NONE', #685 ) ;
#1585 = VECTOR ( 'NONE', #1450, 1000.000000000000000 ) ;
#1586 = ORIENTED_EDGE ( 'NONE', *, *, #719, .T. ) ;
#1587 = EDGE_CURVE ( 'NONE', #2, #1138, #1488, .T. ) ;
#1588 = DIRECTION ( 'NONE',  ( 1.182766006347823109E-16, -1.000000000000000000, 0.000000000000000000 ) ) ;
#1589 = LINE ( 'NONE', #779, #937 ) ;
#1590 = ORIENTED_EDGE ( 'NONE', *, *, #1012, .T. ) ;
#1591 = CARTESIAN_POINT ( 'NONE',  ( 40.75000000000000000, -54.49999999999999289, 5.999999999999998224 ) ) ;
#1592 = VECTOR ( 'NONE', #774, 1000.000000000000000 ) ;
#1593 = ORIENTED_EDGE ( 'NONE', *, *, #980, .T. ) ;
#1594 = ORIENTED_EDGE ( 'NONE', *, *, #1787, .T. ) ;
#1595 = AXIS2_PLACEMENT_3D ( 'NONE', #442, #1074, #757 ) ;
#1596 = CIRCLE ( 'NONE', #390, 2.250000000000001776 ) ;
#1597 = EDGE_CURVE ( 'NONE', #771, #1813, #1643, .T. ) ;
#1598 = DIRECTION ( 'NONE',  ( 0.000000000000000000, -1.000000000000000000, 0.000000000000000000 ) ) ;
#1599 = CARTESIAN_POINT ( 'NONE',  ( -15.99999999999997868, -47.00000000000000000, 6.000000000000000000 ) ) ;
#1600 = EDGE_CURVE ( 'NONE', #1775, #1978, #79, .T. ) ;
#1601 = ORIENTED_EDGE ( 'NONE', *, *, #1182, .T. ) ;
#1602 = ORIENTED_EDGE ( 'NONE', *, *, #931, .T. ) ;
#1603 = LINE ( 'NONE', #1313, #1514 ) ;
#1604 = CARTESIAN_POINT ( 'NONE',  ( -85.49999999999998579, -56.00000000000000000, 10.40000000000000036 ) ) ;
#1605 = CARTESIAN_POINT ( 'NONE',  ( -26.24999999999999645, -7.000000000000018652, 1.600000000000000755 ) ) ;
#1606 = DIRECTION ( 'NONE',  ( 1.000000000000000000, 0.000000000000000000, 0.000000000000000000 ) ) ;
#1607 = DIRECTION ( 'NONE',  ( 1.000000000000000000, 0.000000000000000000, 0.000000000000000000 ) ) ;
#1608 = ORIENTED_EDGE ( 'NONE', *, *, #630, .F. ) ;
#1609 = ORIENTED_EDGE ( 'NONE', *, *, #1779, .T. ) ;
#1610 = CC_DESIGN_PERSON_AND_ORGANIZATION_ASSIGNMENT ( #853, #222, ( #1120 ) ) ;
#1611 = VECTOR ( 'NONE', #1199, 1000.000000000000000 ) ;
#1612 = AXIS2_PLACEMENT_3D ( 'NONE', #1738, #1745, #1580 ) ;
#1613 = CARTESIAN_POINT ( 'NONE',  ( 16.24999999999999645, -53.00000000000002132, 1.600000000000000089 ) ) ;
#1614 = LINE ( 'NONE', #957, #738 ) ;
#1615 = ADVANCED_FACE ( 'NONE', ( #2009 ), #549, .F. ) ;
#1616 = LINE ( 'NONE', #1152, #441 ) ;
#1617 = LINE ( 'NONE', #976, #1839 ) ;
#1618 = ADVANCED_FACE ( 'NONE', ( #1533, #1834 ), #849, .T. ) ;
#1619 = CARTESIAN_POINT ( 'NONE',  ( -15.99999999999997868, -47.00000000000000000, 6.000000000000000000 ) ) ;
#1620 = EDGE_CURVE ( 'NONE', #1286, #1546, #1500, .T. ) ;
#1621 = EDGE_LOOP ( 'NONE', ( #535, #1228, #1302, #124 ) ) ;
#1622 = VECTOR ( 'NONE', #1498, 1000.000000000000000 ) ;
#1623 = VECTOR ( 'NONE', #1096, 1000.000000000000000 ) ;
#1624 = CARTESIAN_POINT ( 'NONE',  ( 16.25000000000000355, -2.013518320330223027E-15, 10.40000000000000036 ) ) ;
#1625 = DIRECTION ( 'NONE',  ( 0.000000000000000000, -0.000000000000000000, -1.000000000000000000 ) ) ;
#1626 = CARTESIAN_POINT ( 'NONE',  ( -15.99999999999997868, -53.00000000000002132, 6.000000000000000000 ) ) ;
#1627 = PLANE ( 'NONE',  #1239 ) ;
#1628 = VERTEX_POINT ( 'NONE', #1163 ) ;
#1629 = EDGE_LOOP ( 'NONE', ( #883, #747, #1158, #1437, #267, #1312 ) ) ;
#1630 = EDGE_CURVE ( 'NONE', #401, #537, #1999, .T. ) ;
#1631 = FACE_OUTER_BOUND ( 'NONE', #1991, .T. ) ;
#1632 = DIRECTION ( 'NONE',  ( 1.000000000000000000, -1.239088197126290817E-16, 0.000000000000000000 ) ) ;
#1633 = ADVANCED_FACE ( 'NONE', ( #1510 ), #571, .T. ) ;
#1634 = CARTESIAN_POINT ( 'NONE',  ( 16.00000000000002132, -60.00000000000000000, 3.750000000000000000 ) ) ;
#1635 = CARTESIAN_POINT ( 'NONE',  ( 85.50000000000002842, 55.99999999999999289, 1.600000000000000089 ) ) ;
#1636 = APPLICATION_PROTOCOL_DEFINITION ( 'international standard', 'config_control_design', 1994, #2039 ) ;
#1637 = DIRECTION ( 'NONE',  ( 1.156482317317871478E-16, 1.000000000000000000, 0.000000000000000000 ) ) ;
#1638 = EDGE_LOOP ( 'NONE', ( #169, #1194, #1068, #609, #1221, #1997 ) ) ;
#1639 = DIRECTION ( 'NONE',  ( -0.000000000000000000, -0.000000000000000000, -1.000000000000000000 ) ) ;
#1640 = ORIENTED_EDGE ( 'NONE', *, *, #301, .T. ) ;
#1641 = ADVANCED_FACE ( 'NONE', ( #559 ), #1708, .F. ) ;
#1642 = CARTESIAN_POINT ( 'NONE',  ( 16.25000000000000355, -7.000000000000016875, 12.00000000000000000 ) ) ;
#1643 = CIRCLE ( 'NONE', #1242, 10.00000000000000178 ) ;
#1644 = LINE ( 'NONE', #1314, #216 ) ;
#1645 = ORIENTED_EDGE ( 'NONE', *, *, #350, .F. ) ;
#1646 = CIRCLE ( 'NONE', #1000, 2.750000000000002665 ) ;
#1647 = CARTESIAN_POINT ( 'NONE',  ( -12.50000000000001243, -56.00000000000000000, 1.600000000000000089 ) ) ;
#1648 = CARTESIAN_POINT ( 'NONE',  ( 38.00000000000000000, -54.49999999999999289, 5.999999999999998224 ) ) ;
#1649 = VERTEX_POINT ( 'NONE', #107 ) ;
#1650 = EDGE_CURVE ( 'NONE', #1978, #38, #1971, .T. ) ;
#1651 = PERSON_AND_ORGANIZATION_ROLE ( 'creator' ) ;
#1652 = LINE ( 'NONE', #962, #1836 ) ;
#1653 = CARTESIAN_POINT ( 'NONE',  ( 86.70000000000001705, 57.99999999999998579, 0.5000000000000000000 ) ) ;
#1654 = ORIENTED_EDGE ( 'NONE', *, *, #524, .F. ) ;
#1655 = CARTESIAN_POINT ( 'NONE',  ( 0.000000000000000000, -53.00000000000002132, 10.40000000000000036 ) ) ;
#1656 = EDGE_LOOP ( 'NONE', ( #1601, #1803, #1156, #1970 ) ) ;
#1657 = ADVANCED_FACE ( 'NONE', ( #529 ), #1822, .T. ) ;
#1658 = AXIS2_PLACEMENT_3D ( 'NONE', #2074, #316, #1233 ) ;
#1659 = AXIS2_PLACEMENT_3D ( 'NONE', #204, #834, #1486 ) ;
#1660 = DIRECTION ( 'NONE',  ( 1.182766006347823109E-16, -1.000000000000000000, 0.000000000000000000 ) ) ;
#1661 = CARTESIAN_POINT ( 'NONE',  ( -16.24999999999999645, -7.000000000000019540, 10.40000000000000036 ) ) ;
#1662 = CIRCLE ( 'NONE', #646, 2.750000000000002665 ) ;
#1663 = DIRECTION ( 'NONE',  ( -0.000000000000000000, -0.000000000000000000, 1.000000000000000000 ) ) ;
#1664 = AXIS2_PLACEMENT_3D ( 'NONE', #1744, #128, #296 ) ;
#1665 = ORIENTED_EDGE ( 'NONE', *, *, #274, .F. ) ;
#1666 = EDGE_CURVE ( 'NONE', #1031, #829, #1847, .T. ) ;
#1667 = CARTESIAN_POINT ( 'NONE',  ( -39.83012569102495348, 40.99999999999997868, 12.00000000000000000 ) ) ;
#1668 = ORIENTED_EDGE ( 'NONE', *, *, #1620, .T. ) ;
#1669 = EDGE_LOOP ( 'NONE', ( #1253, #40, #1003, #1608 ) ) ;
#1670 = DIRECTION ( 'NONE',  ( 1.182766006347823109E-16, -1.000000000000000000, 0.000000000000000000 ) ) ;
#1671 = ORIENTED_EDGE ( 'NONE', *, *, #558, .F. ) ;
#1672 = CARTESIAN_POINT ( 'NONE',  ( 0.000000000000000000, 0.000000000000000000, 0.5000000000000000000 ) ) ;
#1673 = FACE_OUTER_BOUND ( 'NONE', #844, .T. ) ;
#1674 = CARTESIAN_POINT ( 'NONE',  ( 35.25000000000000000, -54.49999999999999289, 5.999999999999998224 ) ) ;
#1675 = DATE_AND_TIME ( #1024, #941 ) ;
#1676 = CARTESIAN_POINT ( 'NONE',  ( -85.49999999999998579, 56.00000000000000000, 10.40000000000000036 ) ) ;
#1677 = ORIENTED_EDGE ( 'NONE', *, *, #577, .T. ) ;
#1678 = ORIENTED_EDGE ( 'NONE', *, *, #680, .T. ) ;
#1679 = FACE_OUTER_BOUND ( 'NONE', #1741, .T. ) ;
#1680 = ORIENTED_EDGE ( 'NONE', *, *, #277, .T. ) ;
#1681 = VECTOR ( 'NONE', #677, 1000.000000000000000 ) ;
#1682 = EDGE_CURVE ( 'NONE', #1740, #84, #1416, .T. ) ;
#1683 = VECTOR ( 'NONE', #627, 1000.000000000000000 ) ;
#1684 = DIRECTION ( 'NONE',  ( 1.196361017915039486E-16, 1.000000000000000000, -0.000000000000000000 ) ) ;
#1685 = CARTESIAN_POINT ( 'NONE',  ( 85.50000000000001421, 56.00000000000000000, 11.50000000000000000 ) ) ;
#1686 = CIRCLE ( 'NONE', #236, 2.750000000000002665 ) ;
#1687 = CARTESIAN_POINT ( 'NONE',  ( -86.70000000000001705, -57.99999999999998579, 11.50000000000000000 ) ) ;
#1688 = CIRCLE ( 'NONE', #1861, 4.000000000000003553 ) ;
#1689 = CARTESIAN_POINT ( 'NONE',  ( 84.00000000000001421, 60.00000000000001421, 12.00000000000000000 ) ) ;
#1690 = ADVANCED_FACE ( 'NONE', ( #1429 ), #2032, .F. ) ;
#1691 = CARTESIAN_POINT ( 'NONE',  ( 12.49999999999998934, -56.00000000000000000, 2.100000000000000089 ) ) ;
#1692 = ORIENTED_EDGE ( 'NONE', *, *, #929, .T. ) ;
#1693 = ORIENTED_EDGE ( 'NONE', *, *, #1883, .T. ) ;
#1694 = EDGE_CURVE ( 'NONE', #1752, #1497, #1386, .T. ) ;
#1695 = CARTESIAN_POINT ( 'NONE',  ( 85.50000000000002842, 55.99999999999999289, 1.600000000000000089 ) ) ;
#1696 = DIRECTION ( 'NONE',  ( 1.182766006347823109E-16, -1.000000000000000000, 0.000000000000000000 ) ) ;
#1697 = DIRECTION ( 'NONE',  ( -1.826024711554533913E-16, -1.000000000000000000, 0.000000000000000000 ) ) ;
#1698 = LINE ( 'NONE', #253, #376 ) ;
#1699 = AXIS2_PLACEMENT_3D ( 'NONE', #1085, #1558, #1105 ) ;
#1700 = ORIENTED_EDGE ( 'NONE', *, *, #517, .T. ) ;
#1701 = AXIS2_PLACEMENT_3D ( 'NONE', #1619, #1013, #184 ) ;
#1702 = VECTOR ( 'NONE', #1823, 1000.000000000000000 ) ;
#1703 = DIRECTION ( 'NONE',  ( -1.000000000000000000, 0.000000000000000000, 0.000000000000000000 ) ) ;
#1704 = CARTESIAN_POINT ( 'NONE',  ( -87.99999999999997158, 59.99999999999998579, 0.000000000000000000 ) ) ;
#1705 = EDGE_LOOP ( 'NONE', ( #1900, #147, #670 ) ) ;
#1706 = ORIENTED_EDGE ( 'NONE', *, *, #1821, .F. ) ;
#1707 = EDGE_CURVE ( 'NONE', #1894, #1965, #1731, .T. ) ;
#1708 = CYLINDRICAL_SURFACE ( 'NONE', #1378, 2.750000000000002665 ) ;
#1709 = DIRECTION ( 'NONE',  ( 1.000000000000000000, 0.000000000000000000, 0.000000000000000000 ) ) ;
#1710 = CARTESIAN_POINT ( 'NONE',  ( -15.99999999999997868, -60.00000000000000000, 8.250000000000000000 ) ) ;
#1711 = VERTEX_POINT ( 'NONE', #926 ) ;
#1712 = EDGE_CURVE ( 'NONE', #1513, #1427, #2047, .T. ) ;
#1713 = DIRECTION ( 'NONE',  ( 1.182766006347823109E-16, -1.000000000000000000, 0.000000000000000000 ) ) ;
#1714 = CARTESIAN_POINT ( 'NONE',  ( 39.83012569102496059, 40.99999999999997868, 10.40000000000000036 ) ) ;
#1715 = VERTEX_POINT ( 'NONE', #593 ) ;
#1716 = VERTEX_POINT ( 'NONE', #2064 ) ;
#1717 = PLANE ( 'NONE',  #676 ) ;
#1718 = CARTESIAN_POINT ( 'NONE',  ( 69.25000000000000000, -54.49999999999999289, 5.999999999999998224 ) ) ;
#1719 = ADVANCED_FACE ( 'NONE', ( #282 ), #1234, .T. ) ;
#1720 = CARTESIAN_POINT ( 'NONE',  ( -35.25000000000000000, -54.50000000000000711, 5.999999999999998224 ) ) ;
#1721 = ORIENTED_EDGE ( 'NONE', *, *, #212, .F. ) ;
#1722 = VECTOR ( 'NONE', #220, 1000.000000000000000 ) ;
#1723 = DIRECTION ( 'NONE',  ( 1.182766006347823109E-16, -1.000000000000000000, 0.000000000000000000 ) ) ;
#1724 = ADVANCED_FACE ( 'NONE', ( #1756 ), #1578, .F. ) ;
#1725 = AXIS2_PLACEMENT_3D ( 'NONE', #483, #1236, #2077 ) ;
#1726 = SECURITY_CLASSIFICATION ( '', '', #723 ) ;
#1727 = EDGE_LOOP ( 'NONE', ( #528, #388, #78, #972, #1347, #437, #1645, #1005, #566, #1721, #856, #1453, #1023, #1762, #1594, #755, #656, #314 ) ) ;
#1728 = VERTEX_POINT ( 'NONE', #759 ) ;
#1729 = DIRECTION ( 'NONE',  ( 1.182766006347823109E-16, -1.000000000000000000, 0.000000000000000000 ) ) ;
#1730 = DIRECTION ( 'NONE',  ( 1.000000000000000000, 0.000000000000000000, -0.000000000000000000 ) ) ;
#1731 = LINE ( 'NONE', #623, #700 ) ;
#1732 = CARTESIAN_POINT ( 'NONE',  ( 0.000000000000000000, 0.000000000000000000, 9.899999999999998579 ) ) ;
#1733 = VECTOR ( 'NONE', #730, 1000.000000000000000 ) ;
#1734 = ORIENTED_EDGE ( 'NONE', *, *, #110, .T. ) ;
#1735 = ORIENTED_EDGE ( 'NONE', *, *, #607, .T. ) ;
#1736 = DIRECTION ( 'NONE',  ( -0.000000000000000000, -0.000000000000000000, -1.000000000000000000 ) ) ;
#1737 = LINE ( 'NONE', #1911, #175 ) ;
#1738 = CARTESIAN_POINT ( 'NONE',  ( 86.70000000000001705, 57.99999999999998579, 0.5000000000000000000 ) ) ;
#1739 = ORIENTED_EDGE ( 'NONE', *, *, #950, .F. ) ;
#1740 = VERTEX_POINT ( 'NONE', #295 ) ;
#1741 = EDGE_LOOP ( 'NONE', ( #328, #1581, #714, #240 ) ) ;
#1742 = EDGE_CURVE ( 'NONE', #2050, #1304, #751, .T. ) ;
#1743 = CARTESIAN_POINT ( 'NONE',  ( -15.99999999999997868, -60.00000000000000000, 8.250000000000000000 ) ) ;
#1744 = CARTESIAN_POINT ( 'NONE',  ( -83.99999999999995737, 55.99999999999997868, 12.00000000000000000 ) ) ;
#1745 = DIRECTION ( 'NONE',  ( 0.000000000000000000, 1.000000000000000000, -0.000000000000000000 ) ) ;
#1746 = VERTEX_POINT ( 'NONE', #2053 ) ;
#1747 = PRODUCT_DEFINITION_SHAPE ( 'NONE', 'NONE',  #954 ) ;
#1748 = DIRECTION ( 'NONE',  ( 1.182766006347823109E-16, -1.000000000000000000, 0.000000000000000000 ) ) ;
#1749 = AXIS2_PLACEMENT_3D ( 'NONE', #1672, #88, #393 ) ;
#1750 = ORIENTED_EDGE ( 'NONE', *, *, #350, .T. ) ;
#1751 = EDGE_CURVE ( 'NONE', #299, #586, #1919, .T. ) ;
#1752 = VERTEX_POINT ( 'NONE', #148 ) ;
#1753 = AXIS2_PLACEMENT_3D ( 'NONE', #1077, #1431, #927 ) ;
#1754 = ORIENTED_EDGE ( 'NONE', *, *, #274, .T. ) ;
#1755 = CARTESIAN_POINT ( 'NONE',  ( -85.49999999999998579, 56.00000000000000000, 11.50000000000000000 ) ) ;
#1756 = FACE_OUTER_BOUND ( 'NONE', #2071, .T. ) ;
#1757 = CARTESIAN_POINT ( 'NONE',  ( -86.69999999999998863, 57.99999999999998579, 0.000000000000000000 ) ) ;
#1758 = EDGE_CURVE ( 'NONE', #1899, #2056, #1891, .T. ) ;
#1759 =( NAMED_UNIT ( * ) PLANE_ANGLE_UNIT ( ) SI_UNIT ( $, .RADIAN. ) );
#1760 = FACE_OUTER_BOUND ( 'NONE', #956, .T. ) ;
#1761 = PLANE ( 'NONE',  #308 ) ;
#1762 = ORIENTED_EDGE ( 'NONE', *, *, #1751, .T. ) ;
#1763 = EDGE_LOOP ( 'NONE', ( #1423, #133, #50, #1173 ) ) ;
#1764 = VECTOR ( 'NONE', #683, 1000.000000000000000 ) ;
#1765 = VECTOR ( 'NONE', #2000, 1000.000000000000000 ) ;
#1766 = EDGE_LOOP ( 'NONE', ( #1992, #1590, #1774, #1405 ) ) ;
#1767 = CARTESIAN_POINT ( 'NONE',  ( 86.70000000000000284, -57.99999999999998579, 11.50000000000000000 ) ) ;
#1768 = FACE_OUTER_BOUND ( 'NONE', #146, .T. ) ;
#1769 = PLANE ( 'NONE',  #1725 ) ;
#1770 = CARTESIAN_POINT ( 'NONE',  ( -86.70000000000003126, 58.00000000000001421, 11.50000000000000000 ) ) ;
#1771 = DIRECTION ( 'NONE',  ( -2.392722035830078972E-16, 1.000000000000000000, -0.000000000000000000 ) ) ;
#1772 = CC_DESIGN_DATE_AND_TIME_ASSIGNMENT ( #675, #198, ( #1726 ) ) ;
#1773 = FACE_OUTER_BOUND ( 'NONE', #61, .T. ) ;
#1774 = ORIENTED_EDGE ( 'NONE', *, *, #1906, .F. ) ;
#1775 = VERTEX_POINT ( 'NONE', #918 ) ;
#1776 = EDGE_CURVE ( 'NONE', #1183, #920, #1570, .T. ) ;
#1777 = DIRECTION ( 'NONE',  ( 0.000000000000000000, -1.000000000000000000, 0.000000000000000000 ) ) ;
#1778 = DIRECTION ( 'NONE',  ( 1.000000000000000000, 0.000000000000000000, 0.000000000000000000 ) ) ;
#1779 = EDGE_CURVE ( 'NONE', #536, #588, #1688, .T. ) ;
#1780 = CARTESIAN_POINT ( 'NONE',  ( 18.25000000000002487, -60.00000000000000000, 6.000000000000000000 ) ) ;
#1781 = DIRECTION ( 'NONE',  ( 1.000000000000000000, 0.000000000000000000, 0.000000000000000000 ) ) ;
#1782 = EDGE_CURVE ( 'NONE', #597, #1843, #1646, .T. ) ;
#1783 = CARTESIAN_POINT ( 'NONE',  ( 85.50000000000001421, 56.00000000000000000, 10.40000000000000036 ) ) ;
#1784 = VECTOR ( 'NONE', #1481, 1000.000000000000000 ) ;
#1785 = AXIS2_PLACEMENT_3D ( 'NONE', #2001, #1523, #1363 ) ;
#1786 = AXIS2_PLACEMENT_3D ( 'NONE', #1149, #331, #640 ) ;
#1787 = EDGE_CURVE ( 'NONE', #586, #1752, #318, .T. ) ;
#1788 = CARTESIAN_POINT ( 'NONE',  ( 85.50000000000001421, 56.00000000000000000, 10.40000000000000036 ) ) ;
#1789 = CARTESIAN_POINT ( 'NONE',  ( -16.24999999999999645, -7.000000000000020428, 1.600000000000000089 ) ) ;
#1790 = CARTESIAN_POINT ( 'NONE',  ( -38.00000000000000000, -54.50000000000000711, 5.999999999999998224 ) ) ;
#1791 = FACE_OUTER_BOUND ( 'NONE', #2006, .T. ) ;
#1792 = DIRECTION ( 'NONE',  ( -0.000000000000000000, -0.000000000000000000, 1.000000000000000000 ) ) ;
#1793 = CARTESIAN_POINT ( 'NONE',  ( -15.99999999999997868, -60.00000000000000000, 3.750000000000000000 ) ) ;
#1794 = VERTEX_POINT ( 'NONE', #452 ) ;
#1795 = ORIENTED_EDGE ( 'NONE', *, *, #1135, .T. ) ;
#1796 = EDGE_CURVE ( 'NONE', #928, #1483, #1737, .T. ) ;
#1797 = AXIS2_PLACEMENT_3D ( 'NONE', #80, #1848, #1261 ) ;
#1798 = CARTESIAN_POINT ( 'NONE',  ( 85.50000000000002842, 55.99999999999999289, 1.600000000000000089 ) ) ;
#1799 = PERSON_AND_ORGANIZATION ( #1056, #1247 ) ;
#1800 = DIRECTION ( 'NONE',  ( 0.000000000000000000, -0.000000000000000000, -1.000000000000000000 ) ) ;
#1801 = ORIENTED_EDGE ( 'NONE', *, *, #1381, .T. ) ;
#1802 = EDGE_CURVE ( 'NONE', #1905, #338, #603, .T. ) ;
#1803 = ORIENTED_EDGE ( 'NONE', *, *, #1954, .T. ) ;
#1804 = LINE ( 'NONE', #191, #182 ) ;
#1805 = EDGE_CURVE ( 'NONE', #597, #713, #1067, .T. ) ;
#1806 = ORIENTED_EDGE ( 'NONE', *, *, #1274, .T. ) ;
#1807 = LINE ( 'NONE', #1624, #569 ) ;
#1808 = DIRECTION ( 'NONE',  ( 1.000000000000000000, 0.000000000000000000, 0.000000000000000000 ) ) ;
#1809 = ORIENTED_EDGE ( 'NONE', *, *, #766, .F. ) ;
#1810 = DIRECTION ( 'NONE',  ( -1.000000000000000000, -0.000000000000000000, -0.000000000000000000 ) ) ;
#1811 = DIRECTION ( 'NONE',  ( 1.000000000000000000, 0.000000000000000000, 0.000000000000000000 ) ) ;
#1812 = MECHANICAL_CONTEXT ( 'NONE', #1493, 'mechanical' ) ;
#1813 = VERTEX_POINT ( 'NONE', #1789 ) ;
#1814 = EDGE_CURVE ( 'NONE', #1151, #803, #345, .T. ) ;
#1815 = ORIENTED_EDGE ( 'NONE', *, *, #607, .F. ) ;
#1816 = VECTOR ( 'NONE', #1035, 1000.000000000000000 ) ;
#1817 = VECTOR ( 'NONE', #164, 1000.000000000000000 ) ;
#1818 = PLANE ( 'NONE',  #1907 ) ;
#1819 = ORIENTED_EDGE ( 'NONE', *, *, #287, .T. ) ;
#1820 = PRODUCT_DEFINITION_FORMATION_WITH_SPECIFIED_SOURCE ( '任何', '', #1120, .NOT_KNOWN. ) ;
#1821 = EDGE_CURVE ( 'NONE', #1138, #904, #339, .T. ) ;
#1822 = PLANE ( 'NONE',  #271 ) ;
#1823 = DIRECTION ( 'NONE',  ( -0.000000000000000000, -0.000000000000000000, -1.000000000000000000 ) ) ;
#1824 = DIRECTION ( 'NONE',  ( 1.000000000000000000, 0.000000000000000000, 0.000000000000000000 ) ) ;
#1825 = PERSON_AND_ORGANIZATION_ROLE ( 'design_supplier' ) ;
#1826 = CARTESIAN_POINT ( 'NONE',  ( 72.00000000000001421, -54.49999999999999289, 5.999999999999998224 ) ) ;
#1827 = LINE ( 'NONE', #1854, #2069 ) ;
#1828 = ORIENTED_EDGE ( 'NONE', *, *, #1193, .F. ) ;
#1829 = ORIENTED_EDGE ( 'NONE', *, *, #224, .F. ) ;
#1830 = AXIS2_PLACEMENT_3D ( 'NONE', #1311, #214, #1346 ) ;
#1831 = CARTESIAN_POINT ( 'NONE',  ( -69.24999999999997158, -54.50000000000000711, 5.999999999999998224 ) ) ;
#1832 = ORIENTED_EDGE ( 'NONE', *, *, #1443, .F. ) ;
#1833 = CIRCLE ( 'NONE', #123, 2.750000000000002665 ) ;
#1834 = FACE_BOUND ( 'NONE', #75, .T. ) ;
#1835 = PLANE ( 'NONE',  #977 ) ;
#1836 = VECTOR ( 'NONE', #211, 1000.000000000000000 ) ;
#1837 = CARTESIAN_POINT ( 'NONE',  ( 16.00000000000002132, -47.00000000000000000, 6.000000000000000000 ) ) ;
#1838 = LINE ( 'NONE', #552, #412 ) ;
#1839 = VECTOR ( 'NONE', #1792, 1000.000000000000000 ) ;
#1840 = PERSON_AND_ORGANIZATION ( #1056, #1247 ) ;
#1841 = PLANE ( 'NONE',  #36 ) ;
#1842 = ORIENTED_EDGE ( 'NONE', *, *, #258, .T. ) ;
#1843 = VERTEX_POINT ( 'NONE', #983 ) ;
#1844 = EDGE_CURVE ( 'NONE', #649, #728, #1603, .T. ) ;
#1845 = CARTESIAN_POINT ( 'NONE',  ( -85.49999999999998579, 55.99999999999999289, 1.600000000000000089 ) ) ;
#1846 = ORIENTED_EDGE ( 'NONE', *, *, #1422, .T. ) ;
#1847 = LINE ( 'NONE', #1339, #636 ) ;
#1848 = DIRECTION ( 'NONE',  ( 0.000000000000000000, -1.000000000000000000, 0.000000000000000000 ) ) ;
#1849 = DIRECTION ( 'NONE',  ( -2.392722035830078972E-16, -1.000000000000000000, 0.000000000000000000 ) ) ;
#1850 = ADVANCED_FACE ( 'NONE', ( #1959 ), #6, .F. ) ;
#1851 = PERSON_AND_ORGANIZATION ( #1056, #1247 ) ;
#1852 = FACE_OUTER_BOUND ( 'NONE', #898, .T. ) ;
#1853 = EDGE_CURVE ( 'NONE', #327, #22, #1551, .T. ) ;
#1854 = CARTESIAN_POINT ( 'NONE',  ( 39.83012569102496059, 40.99999999999997868, 1.600000000000000089 ) ) ;
#1855 = ORIENTED_EDGE ( 'NONE', *, *, #814, .T. ) ;
#1856 = ORIENTED_EDGE ( 'NONE', *, *, #1069, .F. ) ;
#1857 = VERTEX_POINT ( 'NONE', #349 ) ;
#1858 = AXIS2_PLACEMENT_3D ( 'NONE', #464, #310, #783 ) ;
#1859 = LINE ( 'NONE', #403, #325 ) ;
#1860 = CARTESIAN_POINT ( 'NONE',  ( 16.00000000000002132, -47.00000000000000000, 6.000000000000000000 ) ) ;
#1861 = AXIS2_PLACEMENT_3D ( 'NONE', #740, #1418, #127 ) ;
#1862 = FACE_OUTER_BOUND ( 'NONE', #1092, .T. ) ;
#1863 = CARTESIAN_POINT ( 'NONE',  ( -16.24999999999999645, 2.013518320330222239E-15, 10.40000000000000036 ) ) ;
#1864 = CARTESIAN_POINT ( 'NONE',  ( -38.00000000000000000, -54.50000000000000711, 5.999999999999998224 ) ) ;
#1865 = ADVANCED_FACE ( 'NONE', ( #1768 ), #30, .F. ) ;
#1866 = ORIENTED_EDGE ( 'NONE', *, *, #131, .F. ) ;
#1867 = ORIENTED_EDGE ( 'NONE', *, *, #1012, .F. ) ;
#1868 = DIRECTION ( 'NONE',  ( 0.000000000000000000, 0.000000000000000000, -1.000000000000000000 ) ) ;
#1869 = EDGE_CURVE ( 'NONE', #1276, #803, #1807, .T. ) ;
#1870 = CARTESIAN_POINT ( 'NONE',  ( -83.99999999999995737, 55.99999999999997868, 0.000000000000000000 ) ) ;
#1871 = CARTESIAN_POINT ( 'NONE',  ( -15.99999999999997868, -53.00000000000002132, 3.750000000000000000 ) ) ;
#1872 = ORIENTED_EDGE ( 'NONE', *, *, #1666, .F. ) ;
#1873 = VECTOR ( 'NONE', #2004, 1000.000000000000000 ) ;
#1874 = AXIS2_PLACEMENT_3D ( 'NONE', #166, #726, #1099 ) ;
#1875 = DIRECTION ( 'NONE',  ( 1.000000000000000000, 0.000000000000000000, 0.000000000000000000 ) ) ;
#1876 = CARTESIAN_POINT ( 'NONE',  ( -39.83012569102495348, 2.999999999999981792, 10.40000000000000036 ) ) ;
#1877 = FACE_BOUND ( 'NONE', #1334, .T. ) ;
#1878 = EDGE_CURVE ( 'NONE', #1395, #1649, #1614, .T. ) ;
#1879 = ORIENTED_EDGE ( 'NONE', *, *, #911, .T. ) ;
#1880 = ORIENTED_EDGE ( 'NONE', *, *, #2063, .T. ) ;
#1881 = FACE_OUTER_BOUND ( 'NONE', #1420, .T. ) ;
#1882 = LINE ( 'NONE', #1755, #485 ) ;
#1883 = EDGE_CURVE ( 'NONE', #892, #379, #518, .T. ) ;
#1884 = DIRECTION ( 'NONE',  ( -1.182766006347823109E-16, 1.000000000000000000, 0.000000000000000000 ) ) ;
#1885 = ORIENTED_EDGE ( 'NONE', *, *, #961, .T. ) ;
#1886 = CARTESIAN_POINT ( 'NONE',  ( 16.24999999999999645, -53.00000000000002132, 12.00000000000000000 ) ) ;
#1887 = ORIENTED_EDGE ( 'NONE', *, *, #1303, .F. ) ;
#1888 = EDGE_LOOP ( 'NONE', ( #2072, #784 ) ) ;
#1889 = CYLINDRICAL_SURFACE ( 'NONE', #1995, 2.750000000000002665 ) ;
#1890 = DIRECTION ( 'NONE',  ( 0.000000000000000000, -1.000000000000000000, 0.000000000000000000 ) ) ;
#1891 = LINE ( 'NONE', #768, #1246 ) ;
#1892 = CARTESIAN_POINT ( 'NONE',  ( 16.00000000000002132, -53.00000000000002132, 6.000000000000000000 ) ) ;
#1893 = DIRECTION ( 'NONE',  ( 3.469446951953616161E-16, -1.000000000000000000, 0.000000000000000000 ) ) ;
#1894 = VERTEX_POINT ( 'NONE', #993 ) ;
#1895 = VECTOR ( 'NONE', #1373, 1000.000000000000000 ) ;
#1896 = CARTESIAN_POINT ( 'NONE',  ( -85.49999999999998579, -56.00000000000000000, 11.50000000000000000 ) ) ;
#1897 = VECTOR ( 'NONE', #1251, 1000.000000000000000 ) ;
#1898 = DIRECTION ( 'NONE',  ( -0.000000000000000000, 0.000000000000000000, 1.000000000000000000 ) ) ;
#1899 = VERTEX_POINT ( 'NONE', #1291 ) ;
#1900 = ORIENTED_EDGE ( 'NONE', *, *, #1017, .T. ) ;
#1901 = DIRECTION ( 'NONE',  ( 1.182766006347823109E-16, -1.000000000000000000, -0.000000000000000000 ) ) ;
#1902 = DIRECTION ( 'NONE',  ( -0.000000000000000000, -0.000000000000000000, 1.000000000000000000 ) ) ;
#1903 = CARTESIAN_POINT ( 'NONE',  ( 12.50000000000000888, -55.99999999999999289, 9.899999999999998579 ) ) ;
#1904 = LINE ( 'NONE', #297, #503 ) ;
#1905 = VERTEX_POINT ( 'NONE', #163 ) ;
#1906 = EDGE_CURVE ( 'NONE', #1469, #1518, #179, .T. ) ;
#1907 = AXIS2_PLACEMENT_3D ( 'NONE', #227, #848, #1004 ) ;
#1908 = VECTOR ( 'NONE', #362, 1000.000000000000000 ) ;
#1909 = VERTEX_POINT ( 'NONE', #632 ) ;
#1910 = EDGE_LOOP ( 'NONE', ( #359, #160, #268, #1237 ) ) ;
#1911 = CARTESIAN_POINT ( 'NONE',  ( 18.25000000000002487, -47.00000000000000000, 6.000000000000000000 ) ) ;
#1912 = CARTESIAN_POINT ( 'NONE',  ( 39.83012569102495348, 2.999999999999981792, 1.600000000000000089 ) ) ;
#1913 = VERTEX_POINT ( 'NONE', #1283 ) ;
#1914 = CARTESIAN_POINT ( 'NONE',  ( 39.83012569102495348, 2.999999999999981792, 1.600000000000000089 ) ) ;
#1915 = CARTESIAN_POINT ( 'NONE',  ( -12.50000000000001243, -56.00000000000000000, 2.100000000000000089 ) ) ;
#1916 = ORIENTED_EDGE ( 'NONE', *, *, #1490, .F. ) ;
#1917 = ORIENTED_EDGE ( 'NONE', *, *, #900, .F. ) ;
#1918 = CARTESIAN_POINT ( 'NONE',  ( -15.99999999999997868, -47.00000000000000000, 8.250000000000000000 ) ) ;
#1919 = LINE ( 'NONE', #1400, #1167 ) ;
#1920 = DIRECTION ( 'NONE',  ( 1.000000000000000000, 0.000000000000000000, 0.000000000000000000 ) ) ;
#1921 = LINE ( 'NONE', #595, #1205 ) ;
#1922 = DIRECTION ( 'NONE',  ( -1.000000000000000000, 0.000000000000000000, 0.000000000000000000 ) ) ;
#1923 = LINE ( 'NONE', #1896, #533 ) ;
#1924 = AXIS2_PLACEMENT_3D ( 'NONE', #724, #1345, #1549 ) ;
#1925 = ORIENTED_EDGE ( 'NONE', *, *, #1364, .F. ) ;
#1926 = ORIENTED_EDGE ( 'NONE', *, *, #1844, .F. ) ;
#1927 = AXIS2_PLACEMENT_3D ( 'NONE', #272, #119, #436 ) ;
#1928 = EDGE_CURVE ( 'NONE', #1584, #1029, #1944, .T. ) ;
#1929 = FACE_OUTER_BOUND ( 'NONE', #553, .T. ) ;
#1930 = CARTESIAN_POINT ( 'NONE',  ( -12.49999999999999289, -53.00000000000002132, 12.00000000000000000 ) ) ;
#1931 = APPROVAL ( #1480, '未指定' ) ;
#1932 = FACE_OUTER_BOUND ( 'NONE', #103, .T. ) ;
#1933 = CARTESIAN_POINT ( 'NONE',  ( -87.99999999999998579, -60.00000000000000711, 0.000000000000000000 ) ) ;
#1934 = VECTOR ( 'NONE', #868, 1000.000000000000000 ) ;
#1935 = ORIENTED_EDGE ( 'NONE', *, *, #1712, .F. ) ;
#1936 = AXIS2_PLACEMENT_3D ( 'NONE', #1439, #480, #506 ) ;
#1937 = AXIS2_PLACEMENT_3D ( 'NONE', #1295, #16, #491 ) ;
#1938 = ORIENTED_EDGE ( 'NONE', *, *, #743, .F. ) ;
#1939 = CARTESIAN_POINT ( 'NONE',  ( -85.49999999999998579, 55.99999999999999289, 1.600000000000000089 ) ) ;
#1940 = ADVANCED_FACE ( 'NONE', ( #399 ), #1027, .T. ) ;
#1941 = DIRECTION ( 'NONE',  ( 1.826024711554533913E-16, 1.000000000000000000, 0.000000000000000000 ) ) ;
#1942 = DIRECTION ( 'NONE',  ( 1.182766006347823109E-16, -1.000000000000000000, 0.000000000000000000 ) ) ;
#1943 = FACE_OUTER_BOUND ( 'NONE', #1766, .T. ) ;
#1944 = LINE ( 'NONE', #1930, #144 ) ;
#1945 = CARTESIAN_POINT ( 'NONE',  ( -85.50000000000000000, -56.00000000000000711, 1.600000000000000089 ) ) ;
#1946 = LINE ( 'NONE', #499, #583 ) ;
#1947 = DIRECTION ( 'NONE',  ( 1.000000000000000000, -3.469446951953616161E-16, 0.000000000000000000 ) ) ;
#1948 = ADVANCED_FACE ( 'NONE', ( #507 ), #984, .F. ) ;
#1949 = CIRCLE ( 'NONE', #501, 2.250000000000001776 ) ;
#1950 = VECTOR ( 'NONE', #864, 1000.000000000000000 ) ;
#1951 = ORIENTED_EDGE ( 'NONE', *, *, #2024, .T. ) ;
#1952 = DIRECTION ( 'NONE',  ( 3.469446951953616161E-16, -1.000000000000000000, 0.000000000000000000 ) ) ;
#1953 = LINE ( 'NONE', #1798, #1908 ) ;
#1954 = EDGE_CURVE ( 'NONE', #1913, #456, #1838, .T. ) ;
#1955 = ORIENTED_EDGE ( 'NONE', *, *, #991, .T. ) ;
#1956 = ORIENTED_EDGE ( 'NONE', *, *, #1303, .T. ) ;
#1957 = VECTOR ( 'NONE', #833, 1000.000000000000000 ) ;
#1958 = CIRCLE ( 'NONE', #52, 2.250000000000000444 ) ;
#1959 = FACE_OUTER_BOUND ( 'NONE', #161, .T. ) ;
#1960 = FACE_OUTER_BOUND ( 'NONE', #1555, .T. ) ;
#1961 = ORIENTED_EDGE ( 'NONE', *, *, #716, .F. ) ;
#1962 = CARTESIAN_POINT ( 'NONE',  ( 16.25000000000000355, -7.000000000000016875, 1.600000000000000089 ) ) ;
#1963 = DIRECTION ( 'NONE',  ( 1.000000000000000000, 1.182766006347823109E-16, 0.000000000000000000 ) ) ;
#1964 = EDGE_CURVE ( 'NONE', #2060, #1072, #396, .T. ) ;
#1965 = VERTEX_POINT ( 'NONE', #741 ) ;
#1966 = CARTESIAN_POINT ( 'NONE',  ( 86.69999999999998863, -58.00000000000001421, 0.000000000000000000 ) ) ;
#1967 = ORIENTED_EDGE ( 'NONE', *, *, #1805, .T. ) ;
#1968 = EDGE_CURVE ( 'NONE', #327, #1728, #1388, .T. ) ;
#1969 = CARTESIAN_POINT ( 'NONE',  ( 16.24999999999999645, -53.00000000000002132, 12.00000000000000000 ) ) ;
#1970 = ORIENTED_EDGE ( 'NONE', *, *, #692, .T. ) ;
#1971 = LINE ( 'NONE', #67, #311 ) ;
#1972 = LINE ( 'NONE', #1340, #158 ) ;
#1973 = FACE_OUTER_BOUND ( 'NONE', #1638, .T. ) ;
#1974 = PERSON_AND_ORGANIZATION ( #1056, #1247 ) ;
#1975 = CARTESIAN_POINT ( 'NONE',  ( 72.00000000000001421, -54.49999999999999289, 5.999999999999998224 ) ) ;
#1976 = ORIENTED_EDGE ( 'NONE', *, *, #2029, .T. ) ;
#1977 = PLANE ( 'NONE',  #389 ) ;
#1978 = VERTEX_POINT ( 'NONE', #1912 ) ;
#1979 = EDGE_LOOP ( 'NONE', ( #955, #458, #62, #1795 ) ) ;
#1980 = VECTOR ( 'NONE', #1341, 1000.000000000000000 ) ;
#1981 = CIRCLE ( 'NONE', #827, 4.000000000000003553 ) ;
#1982 = ORIENTED_EDGE ( 'NONE', *, *, #894, .F. ) ;
#1983 = EDGE_CURVE ( 'NONE', #764, #1383, #1904, .T. ) ;
#1984 = DIRECTION ( 'NONE',  ( 1.000000000000000000, 0.000000000000000000, 0.000000000000000000 ) ) ;
#1985 = DIRECTION ( 'NONE',  ( 1.239088197126290817E-16, -1.000000000000000000, 0.000000000000000000 ) ) ;
#1986 = DIRECTION ( 'NONE',  ( -1.000000000000000000, 0.000000000000000000, 0.000000000000000000 ) ) ;
#1987 = ORIENTED_EDGE ( 'NONE', *, *, #1782, .F. ) ;
#1988 = SHAPE_DEFINITION_REPRESENTATION ( #1747, #1330 ) ;
#1989 = CARTESIAN_POINT ( 'NONE',  ( 16.24999999999999645, -53.00000000000002132, 9.899999999999998579 ) ) ;
#1990 = EDGE_CURVE ( 'NONE', #1268, #1315, #332, .T. ) ;
#1991 = EDGE_LOOP ( 'NONE', ( #1925, #1654, #1593, #1565 ) ) ;
#1992 = ORIENTED_EDGE ( 'NONE', *, *, #1490, .T. ) ;
#1993 = EDGE_CURVE ( 'NONE', #1584, #1649, #1284, .T. ) ;
#1994 = VECTOR ( 'NONE', #1224, 1000.000000000000000 ) ;
#1995 = AXIS2_PLACEMENT_3D ( 'NONE', #2030, #1729, #434 ) ;
#1996 = PLANE ( 'NONE',  #1355 ) ;
#1997 = ORIENTED_EDGE ( 'NONE', *, *, #645, .T. ) ;
#1998 = ADVANCED_FACE ( 'NONE', ( #1932 ), #1769, .F. ) ;
#1999 = LINE ( 'NONE', #706, #1103 ) ;
#2000 = DIRECTION ( 'NONE',  ( 1.196361017915039486E-16, -1.000000000000000000, 0.000000000000000000 ) ) ;
#2001 = CARTESIAN_POINT ( 'NONE',  ( 0.000000000000000000, 0.000000000000000000, 12.00000000000000000 ) ) ;
#2002 = COORDINATED_UNIVERSAL_TIME_OFFSET ( 8, 0, .AHEAD. ) ;
#2003 = DIRECTION ( 'NONE',  ( 2.392722035830079465E-16, 1.000000000000000000, 0.000000000000000000 ) ) ;
#2004 = DIRECTION ( 'NONE',  ( -2.392722035830078972E-16, -1.000000000000000000, 0.000000000000000000 ) ) ;
#2005 = VERTEX_POINT ( 'NONE', #1604 ) ;
#2006 = EDGE_LOOP ( 'NONE', ( #963, #1539, #1389, #284 ) ) ;
#2007 = FACE_OUTER_BOUND ( 'NONE', #104, .T. ) ;
#2008 = VERTEX_POINT ( 'NONE', #939 ) ;
#2009 = FACE_OUTER_BOUND ( 'NONE', #835, .T. ) ;
#2010 = LINE ( 'NONE', #862, #217 ) ;
#2011 = LINE ( 'NONE', #551, #143 ) ;
#2012 = EDGE_CURVE ( 'NONE', #1445, #1016, #1589, .T. ) ;
#2013 = DIRECTION ( 'NONE',  ( 1.239088197126290817E-16, -1.000000000000000000, 0.000000000000000000 ) ) ;
#2014 = CARTESIAN_POINT ( 'NONE',  ( 26.25000000000000355, -7.000000000000018652, 1.600000000000000755 ) ) ;
#2015 = EDGE_CURVE ( 'NONE', #1499, #1965, #1419, .T. ) ;
#2016 = ORIENTED_EDGE ( 'NONE', *, *, #1225, .T. ) ;
#2017 = ORIENTED_EDGE ( 'NONE', *, *, #889, .F. ) ;
#2018 = VECTOR ( 'NONE', #1371, 1000.000000000000000 ) ;
#2019 = DIRECTION ( 'NONE',  ( -0.000000000000000000, 1.000000000000000000, -0.000000000000000000 ) ) ;
#2020 = CARTESIAN_POINT ( 'NONE',  ( -16.25000000000000355, -53.00000000000002132, 3.763932022500212859 ) ) ;
#2021 = CARTESIAN_POINT ( 'NONE',  ( -86.69999999999998863, 57.99999999999998579, 0.5000000000000000000 ) ) ;
#2022 = ORIENTED_EDGE ( 'NONE', *, *, #317, .T. ) ;
#2023 = VECTOR ( 'NONE', #605, 1000.000000000000000 ) ;
#2024 = EDGE_CURVE ( 'NONE', #456, #379, #615, .T. ) ;
#2025 = CARTESIAN_POINT ( 'NONE',  ( -86.70000000000003126, 58.00000000000001421, 12.00000000000000000 ) ) ;
#2026 = DIRECTION ( 'NONE',  ( -1.156482317317871478E-16, -1.000000000000000000, 0.000000000000000000 ) ) ;
#2027 = ORIENTED_EDGE ( 'NONE', *, *, #135, .F. ) ;
#2028 = ORIENTED_EDGE ( 'NONE', *, *, #1968, .F. ) ;
#2029 = EDGE_CURVE ( 'NONE', #1029, #1395, #1921, .T. ) ;
#2030 = CARTESIAN_POINT ( 'NONE',  ( 38.00000000000000000, -54.49999999999999289, 5.999999999999998224 ) ) ;
#2031 = CARTESIAN_POINT ( 'NONE',  ( 12.49999999999998934, -53.00000000000002132, 1.600000000000000089 ) ) ;
#2032 = PLANE ( 'NONE',  #77 ) ;
#2033 = VECTOR ( 'NONE', #1399, 1000.000000000000000 ) ;
#2034 = ORIENTED_EDGE ( 'NONE', *, *, #4, .F. ) ;
#2035 = VECTOR ( 'NONE', #982, 1000.000000000000000 ) ;
#2036 = CIRCLE ( 'NONE', #679, 10.00000000000000178 ) ;
#2037 = CYLINDRICAL_SURFACE ( 'NONE', #1279, 10.00000000000000178 ) ;
#2038 = ADVANCED_FACE ( 'NONE', ( #1097 ), #1087, .F. ) ;
#2039 = APPLICATION_CONTEXT ( 'configuration controlled 3d designs of mechanical parts and assemblies' ) ;
#2040 = PLANE ( 'NONE',  #1874 ) ;
#2041 = CARTESIAN_POINT ( 'NONE',  ( 84.00000000000001421, 60.00000000000001421, 12.00000000000000000 ) ) ;
#2042 = ORIENTED_EDGE ( 'NONE', *, *, #1796, .F. ) ;
#2043 = ORIENTED_EDGE ( 'NONE', *, *, #1443, .T. ) ;
#2044 = CARTESIAN_POINT ( 'NONE',  ( 16.24999999999999645, -53.00000000000002132, 1.600000000000000089 ) ) ;
#2045 = PLANE ( 'NONE',  #1391 ) ;
#2046 = ADVANCED_FACE ( 'NONE', ( #958 ), #129, .T. ) ;
#2047 = LINE ( 'NONE', #1076, #871 ) ;
#2048 = ORIENTED_EDGE ( 'NONE', *, *, #911, .F. ) ;
#2049 = ORIENTED_EDGE ( 'NONE', *, *, #1217, .F. ) ;
#2050 = VERTEX_POINT ( 'NONE', #283 ) ;
#2051 = LINE ( 'NONE', #1223, #1218 ) ;
#2052 = CARTESIAN_POINT ( 'NONE',  ( 12.50000000000000888, -55.99999999999999289, 9.899999999999998579 ) ) ;
#2053 = CARTESIAN_POINT ( 'NONE',  ( 16.24999999999999645, -53.00000000000002132, 1.600000000000000089 ) ) ;
#2054 = LINE ( 'NONE', #760, #2023 ) ;
#2055 = AXIS2_PLACEMENT_3D ( 'NONE', #828, #176, #1296 ) ;
#2056 = VERTEX_POINT ( 'NONE', #1263 ) ;
#2057 = AXIS2_PLACEMENT_3D ( 'NONE', #974, #813, #1778 ) ;
#2058 = EDGE_CURVE ( 'NONE', #213, #1220, #1981, .T. ) ;
#2059 = ORIENTED_EDGE ( 'NONE', *, *, #1600, .F. ) ;
#2060 = VERTEX_POINT ( 'NONE', #1572 ) ;
#2061 = EDGE_LOOP ( 'NONE', ( #1828, #1052, #462, #1160 ) ) ;
#2062 = CARTESIAN_POINT ( 'NONE',  ( 86.70000000000001705, 57.99999999999998579, 0.5000000000000000000 ) ) ;
#2063 = EDGE_CURVE ( 'NONE', #19, #1894, #2054, .T. ) ;
#2064 = CARTESIAN_POINT ( 'NONE',  ( -83.99999999999995737, 59.99999999999998579, 12.00000000000000000 ) ) ;
#2065 = CARTESIAN_POINT ( 'NONE',  ( 16.24999999999999645, -47.00000000000000000, 8.236067977499793358 ) ) ;
#2066 = ORIENTED_EDGE ( 'NONE', *, *, #492, .F. ) ;
#2067 = ADVANCED_FACE ( 'NONE', ( #1252 ), #472, .F. ) ;
#2068 = CARTESIAN_POINT ( 'NONE',  ( 88.00000000000004263, -59.99999999999998579, 12.00000000000000000 ) ) ;
#2069 = VECTOR ( 'NONE', #1333, 1000.000000000000000 ) ;
#2070 = VECTOR ( 'NONE', #987, 1000.000000000000000 ) ;
#2071 = EDGE_LOOP ( 'NONE', ( #579, #556, #1955, #611 ) ) ;
#2072 = ORIENTED_EDGE ( 'NONE', *, *, #735, .F. ) ;
#2073 = ORIENTED_EDGE ( 'NONE', *, *, #1200, .F. ) ;
#2074 = CARTESIAN_POINT ( 'NONE',  ( 16.00000000000002132, -53.00000000000002132, 6.000000000000000000 ) ) ;
#2075 = CARTESIAN_POINT ( 'NONE',  ( 16.24999999999999645, -53.00000000000002132, 12.00000000000000000 ) ) ;
#2076 = DIRECTION ( 'NONE',  ( 1.000000000000000000, 0.000000000000000000, 0.000000000000000000 ) ) ;
#2077 = DIRECTION ( 'NONE',  ( 1.000000000000000000, 0.000000000000000000, -0.000000000000000000 ) ) ;
#2078 = LINE ( 'NONE', #625, #715 ) ;
ENDSEC;
END-ISO-10303-21;
